,pair,word2vec_score,doctype,fromdate,todate
0,"('ontucht', 'belgisch')",-0.00909428857266903,adtrouwtelnrcvk,2008,2013
1,"('ontucht', 'nederlanders')",-0.0317823700606823,adtrouwtelnrcvk,2008,2013
2,"('ontucht', 'nederlands')",0.01467213872820139,adtrouwtelnrcvk,2008,2013
3,"('ontucht', 'duitser')",-0.038710661232471466,adtrouwtelnrcvk,2008,2013
4,"('ontucht', 'duits')",-0.015622861683368683,adtrouwtelnrcvk,2008,2013
5,"('ontucht', 'europeanen')",-0.16456006467342377,adtrouwtelnrcvk,2008,2013
6,"('ontucht', 'luxemburgers')",-0.1475142389535904,adtrouwtelnrcvk,2008,2013
7,"('ontucht', 'europees')",-0.15850947797298431,adtrouwtelnrcvk,2008,2013
8,"('ontucht', 'belg')",-0.02129964716732502,adtrouwtelnrcvk,2008,2013
9,"('ontucht', 'duitsers')",-0.08297349512577057,adtrouwtelnrcvk,2008,2013
10,"('ontucht', 'belgie')",-0.021561399102211,adtrouwtelnrcvk,2008,2013
11,"('ontucht', 'nederlander')",-0.020653387531638145,adtrouwtelnrcvk,2008,2013
12,"('ontucht', 'duitsland')",-0.04930752515792847,adtrouwtelnrcvk,2008,2013
13,"('ontucht', 'nederland')",0.022204458713531494,adtrouwtelnrcvk,2008,2013
14,"('ontucht', 'fransen')",-0.12243865430355072,adtrouwtelnrcvk,2008,2013
15,"('ontucht', 'frans')",0.04672328382730484,adtrouwtelnrcvk,2008,2013
16,"('ontucht', 'frankrijk')",-0.004375289659947157,adtrouwtelnrcvk,2008,2013
17,"('ontucht', 'belgen')",-0.07077313959598541,adtrouwtelnrcvk,2008,2013
18,"('ontucht', 'luxemburger')",-0.011365434154868126,adtrouwtelnrcvk,2008,2013
19,"('ontucht', 'europa')",-0.18217457830905914,adtrouwtelnrcvk,2008,2013
20,"('ontucht', 'luxembourg')",0.00487749045714736,adtrouwtelnrcvk,2008,2013
21,"('verkrachten', 'belgisch')",-0.04380907863378525,adtrouwtelnrcvk,2008,2013
22,"('verkrachten', 'nederlanders')",-0.05713938549160957,adtrouwtelnrcvk,2008,2013
23,"('verkrachten', 'nederlands')",-0.08281001448631287,adtrouwtelnrcvk,2008,2013
24,"('verkrachten', 'duitser')",-0.020157810300588608,adtrouwtelnrcvk,2008,2013
25,"('verkrachten', 'duits')",-0.03889903426170349,adtrouwtelnrcvk,2008,2013
26,"('verkrachten', 'europeanen')",-0.014622482471168041,adtrouwtelnrcvk,2008,2013
27,"('verkrachten', 'luxemburgers')",0.028709791600704193,adtrouwtelnrcvk,2008,2013
28,"('verkrachten', 'europees')",-0.12088378518819809,adtrouwtelnrcvk,2008,2013
29,"('verkrachten', 'belg')",-0.07270338386297226,adtrouwtelnrcvk,2008,2013
30,"('verkrachten', 'duitsers')",0.05552994832396507,adtrouwtelnrcvk,2008,2013
31,"('verkrachten', 'belgie')",-0.04666842892765999,adtrouwtelnrcvk,2008,2013
32,"('verkrachten', 'nederlander')",-0.10499846935272217,adtrouwtelnrcvk,2008,2013
33,"('verkrachten', 'duitsland')",-0.07447788864374161,adtrouwtelnrcvk,2008,2013
34,"('verkrachten', 'nederland')",-0.08961058408021927,adtrouwtelnrcvk,2008,2013
35,"('verkrachten', 'fransen')",0.061016470193862915,adtrouwtelnrcvk,2008,2013
36,"('verkrachten', 'frans')",-0.014317575842142105,adtrouwtelnrcvk,2008,2013
37,"('verkrachten', 'frankrijk')",0.01926868036389351,adtrouwtelnrcvk,2008,2013
38,"('verkrachten', 'belgen')",-0.04377690702676773,adtrouwtelnrcvk,2008,2013
39,"('verkrachten', 'luxemburger')",-0.006732710171490908,adtrouwtelnrcvk,2008,2013
40,"('verkrachten', 'europa')",-0.1305290311574936,adtrouwtelnrcvk,2008,2013
41,"('verkrachten', 'luxembourg')",-0.01852371171116829,adtrouwtelnrcvk,2008,2013
42,"('verkrachtingszaak', 'belgisch')",0.029894990846514702,adtrouwtelnrcvk,2008,2013
43,"('verkrachtingszaak', 'nederlanders')",-0.056830815970897675,adtrouwtelnrcvk,2008,2013
44,"('verkrachtingszaak', 'nederlands')",-0.0585685670375824,adtrouwtelnrcvk,2008,2013
45,"('verkrachtingszaak', 'duitser')",0.06320375204086304,adtrouwtelnrcvk,2008,2013
46,"('verkrachtingszaak', 'duits')",-0.02143501117825508,adtrouwtelnrcvk,2008,2013
47,"('verkrachtingszaak', 'europeanen')",-0.07767897099256516,adtrouwtelnrcvk,2008,2013
48,"('verkrachtingszaak', 'luxemburgers')",-0.1372949331998825,adtrouwtelnrcvk,2008,2013
49,"('verkrachtingszaak', 'europees')",-0.029325254261493683,adtrouwtelnrcvk,2008,2013
50,"('verkrachtingszaak', 'belg')",0.011679588817059994,adtrouwtelnrcvk,2008,2013
51,"('verkrachtingszaak', 'duitsers')",-0.03735019639134407,adtrouwtelnrcvk,2008,2013
52,"('verkrachtingszaak', 'belgie')",0.060027677565813065,adtrouwtelnrcvk,2008,2013
53,"('verkrachtingszaak', 'nederlander')",0.06258303672075272,adtrouwtelnrcvk,2008,2013
54,"('verkrachtingszaak', 'duitsland')",0.07287241518497467,adtrouwtelnrcvk,2008,2013
55,"('verkrachtingszaak', 'nederland')",-0.020466193556785583,adtrouwtelnrcvk,2008,2013
56,"('verkrachtingszaak', 'fransen')",-0.05125783756375313,adtrouwtelnrcvk,2008,2013
57,"('verkrachtingszaak', 'frans')",-0.06228357553482056,adtrouwtelnrcvk,2008,2013
58,"('verkrachtingszaak', 'frankrijk')",0.05255826935172081,adtrouwtelnrcvk,2008,2013
59,"('verkrachtingszaak', 'belgen')",-0.05380113050341606,adtrouwtelnrcvk,2008,2013
60,"('verkrachtingszaak', 'luxemburger')",0.019892601296305656,adtrouwtelnrcvk,2008,2013
61,"('verkrachtingszaak', 'europa')",-0.04587708041071892,adtrouwtelnrcvk,2008,2013
62,"('verkrachtingszaak', 'luxembourg')",0.0014005908742547035,adtrouwtelnrcvk,2008,2013
63,"('verkrachte', 'belgisch')",0.05886901542544365,adtrouwtelnrcvk,2008,2013
64,"('verkrachte', 'nederlanders')",-0.13859520852565765,adtrouwtelnrcvk,2008,2013
65,"('verkrachte', 'nederlands')",-0.016004953533411026,adtrouwtelnrcvk,2008,2013
66,"('verkrachte', 'duitser')",-0.049577582627534866,adtrouwtelnrcvk,2008,2013
67,"('verkrachte', 'duits')",0.08092694729566574,adtrouwtelnrcvk,2008,2013
68,"('verkrachte', 'europeanen')",-0.1616802215576172,adtrouwtelnrcvk,2008,2013
69,"('verkrachte', 'luxemburgers')",-0.09861313551664352,adtrouwtelnrcvk,2008,2013
70,"('verkrachte', 'europees')",-0.15129093825817108,adtrouwtelnrcvk,2008,2013
71,"('verkrachte', 'belg')",-0.12176130712032318,adtrouwtelnrcvk,2008,2013
72,"('verkrachte', 'duitsers')",-0.1029643639922142,adtrouwtelnrcvk,2008,2013
73,"('verkrachte', 'belgie')",-0.0016089726705104113,adtrouwtelnrcvk,2008,2013
74,"('verkrachte', 'nederlander')",-0.10214240849018097,adtrouwtelnrcvk,2008,2013
75,"('verkrachte', 'duitsland')",-0.11836261302232742,adtrouwtelnrcvk,2008,2013
76,"('verkrachte', 'nederland')",-0.14039528369903564,adtrouwtelnrcvk,2008,2013
77,"('verkrachte', 'fransen')",-0.13225045800209045,adtrouwtelnrcvk,2008,2013
78,"('verkrachte', 'frans')",0.017603345215320587,adtrouwtelnrcvk,2008,2013
79,"('verkrachte', 'frankrijk')",-0.10087426751852036,adtrouwtelnrcvk,2008,2013
80,"('verkrachte', 'belgen')",-0.16654923558235168,adtrouwtelnrcvk,2008,2013
81,"('verkrachte', 'luxemburger')",-0.16204090416431427,adtrouwtelnrcvk,2008,2013
82,"('verkrachte', 'europa')",-0.21082369983196259,adtrouwtelnrcvk,2008,2013
83,"('verkrachte', 'luxembourg')",-0.016914574429392815,adtrouwtelnrcvk,2008,2013
84,"('vrouwenhandel', 'belgisch')",0.014086343348026276,adtrouwtelnrcvk,2008,2013
85,"('vrouwenhandel', 'nederlanders')",-0.00848532933741808,adtrouwtelnrcvk,2008,2013
86,"('vrouwenhandel', 'nederlands')",0.06112902984023094,adtrouwtelnrcvk,2008,2013
87,"('vrouwenhandel', 'duitser')",-0.13737289607524872,adtrouwtelnrcvk,2008,2013
88,"('vrouwenhandel', 'duits')",-0.022881140932440758,adtrouwtelnrcvk,2008,2013
89,"('vrouwenhandel', 'europeanen')",0.015408786945044994,adtrouwtelnrcvk,2008,2013
90,"('vrouwenhandel', 'luxemburgers')",-0.04765120521187782,adtrouwtelnrcvk,2008,2013
91,"('vrouwenhandel', 'europees')",0.11469350755214691,adtrouwtelnrcvk,2008,2013
92,"('vrouwenhandel', 'belg')",-0.10467859357595444,adtrouwtelnrcvk,2008,2013
93,"('vrouwenhandel', 'duitsers')",0.002684301696717739,adtrouwtelnrcvk,2008,2013
94,"('vrouwenhandel', 'belgie')",0.10913687944412231,adtrouwtelnrcvk,2008,2013
95,"('vrouwenhandel', 'nederlander')",-0.08981399238109589,adtrouwtelnrcvk,2008,2013
96,"('vrouwenhandel', 'duitsland')",0.10240403562784195,adtrouwtelnrcvk,2008,2013
97,"('vrouwenhandel', 'nederland')",0.1887894868850708,adtrouwtelnrcvk,2008,2013
98,"('vrouwenhandel', 'fransen')",-0.07304490357637405,adtrouwtelnrcvk,2008,2013
99,"('vrouwenhandel', 'frans')",-0.039142243564128876,adtrouwtelnrcvk,2008,2013
100,"('vrouwenhandel', 'frankrijk')",0.07652602344751358,adtrouwtelnrcvk,2008,2013
101,"('vrouwenhandel', 'belgen')",-0.03516673669219017,adtrouwtelnrcvk,2008,2013
102,"('vrouwenhandel', 'luxemburger')",-0.20511487126350403,adtrouwtelnrcvk,2008,2013
103,"('vrouwenhandel', 'europa')",0.13632459938526154,adtrouwtelnrcvk,2008,2013
104,"('vrouwenhandel', 'luxembourg')",0.019208448007702827,adtrouwtelnrcvk,2008,2013
105,"('zedendelict', 'belgisch')",0.04308958724141121,adtrouwtelnrcvk,2008,2013
106,"('zedendelict', 'nederlanders')",-0.020582355558872223,adtrouwtelnrcvk,2008,2013
107,"('zedendelict', 'nederlands')",0.03320131078362465,adtrouwtelnrcvk,2008,2013
108,"('zedendelict', 'duitser')",0.0470365472137928,adtrouwtelnrcvk,2008,2013
109,"('zedendelict', 'duits')",0.023401228711009026,adtrouwtelnrcvk,2008,2013
110,"('zedendelict', 'europeanen')",-0.10862839221954346,adtrouwtelnrcvk,2008,2013
111,"('zedendelict', 'luxemburgers')",-0.11113191395998001,adtrouwtelnrcvk,2008,2013
112,"('zedendelict', 'europees')",0.0494510792195797,adtrouwtelnrcvk,2008,2013
113,"('zedendelict', 'belg')",0.04978006333112717,adtrouwtelnrcvk,2008,2013
114,"('zedendelict', 'duitsers')",-0.045878488570451736,adtrouwtelnrcvk,2008,2013
115,"('zedendelict', 'belgie')",0.04245501384139061,adtrouwtelnrcvk,2008,2013
116,"('zedendelict', 'nederlander')",0.08745802193880081,adtrouwtelnrcvk,2008,2013
117,"('zedendelict', 'duitsland')",0.009591196663677692,adtrouwtelnrcvk,2008,2013
118,"('zedendelict', 'nederland')",0.03928530961275101,adtrouwtelnrcvk,2008,2013
119,"('zedendelict', 'fransen')",-0.10684090852737427,adtrouwtelnrcvk,2008,2013
120,"('zedendelict', 'frans')",-0.006186126731336117,adtrouwtelnrcvk,2008,2013
121,"('zedendelict', 'frankrijk')",-0.010624749585986137,adtrouwtelnrcvk,2008,2013
122,"('zedendelict', 'belgen')",-0.03905552625656128,adtrouwtelnrcvk,2008,2013
123,"('zedendelict', 'luxemburger')",0.0026342871133238077,adtrouwtelnrcvk,2008,2013
124,"('zedendelict', 'europa')",-0.09687983244657516,adtrouwtelnrcvk,2008,2013
125,"('zedendelict', 'luxembourg')",-0.02770257368683815,adtrouwtelnrcvk,2008,2013
126,"('seksueel_geweld', 'belgisch')",-0.018654311075806618,adtrouwtelnrcvk,2008,2013
127,"('seksueel_geweld', 'nederlanders')",0.052567001432180405,adtrouwtelnrcvk,2008,2013
128,"('seksueel_geweld', 'nederlands')",0.030616607517004013,adtrouwtelnrcvk,2008,2013
129,"('seksueel_geweld', 'duitser')",-0.1363716870546341,adtrouwtelnrcvk,2008,2013
130,"('seksueel_geweld', 'duits')",-0.030548302456736565,adtrouwtelnrcvk,2008,2013
131,"('seksueel_geweld', 'europeanen')",0.024966567754745483,adtrouwtelnrcvk,2008,2013
132,"('seksueel_geweld', 'luxemburgers')",-0.03233446180820465,adtrouwtelnrcvk,2008,2013
133,"('seksueel_geweld', 'europees')",0.012983311899006367,adtrouwtelnrcvk,2008,2013
134,"('seksueel_geweld', 'belg')",-0.15164057910442352,adtrouwtelnrcvk,2008,2013
135,"('seksueel_geweld', 'duitsers')",-0.03988247737288475,adtrouwtelnrcvk,2008,2013
136,"('seksueel_geweld', 'belgie')",0.0030736832413822412,adtrouwtelnrcvk,2008,2013
137,"('seksueel_geweld', 'nederlander')",-0.08813130110502243,adtrouwtelnrcvk,2008,2013
138,"('seksueel_geweld', 'duitsland')",0.007741887588053942,adtrouwtelnrcvk,2008,2013
139,"('seksueel_geweld', 'nederland')",0.07129257172346115,adtrouwtelnrcvk,2008,2013
140,"('seksueel_geweld', 'fransen')",-0.047246888279914856,adtrouwtelnrcvk,2008,2013
141,"('seksueel_geweld', 'frans')",-0.06802073121070862,adtrouwtelnrcvk,2008,2013
142,"('seksueel_geweld', 'frankrijk')",0.0615072026848793,adtrouwtelnrcvk,2008,2013
143,"('seksueel_geweld', 'belgen')",-0.0958900973200798,adtrouwtelnrcvk,2008,2013
144,"('seksueel_geweld', 'luxemburger')",-0.12966418266296387,adtrouwtelnrcvk,2008,2013
145,"('seksueel_geweld', 'europa')",0.0012657142942771316,adtrouwtelnrcvk,2008,2013
146,"('seksueel_geweld', 'luxembourg')",-0.10617298632860184,adtrouwtelnrcvk,2008,2013
147,"('verkracht', 'belgisch')",0.027575070038437843,adtrouwtelnrcvk,2008,2013
148,"('verkracht', 'nederlanders')",-0.04027864709496498,adtrouwtelnrcvk,2008,2013
149,"('verkracht', 'nederlands')",-0.03353589400649071,adtrouwtelnrcvk,2008,2013
150,"('verkracht', 'duitser')",0.0012667408445850015,adtrouwtelnrcvk,2008,2013
151,"('verkracht', 'duits')",0.019308192655444145,adtrouwtelnrcvk,2008,2013
152,"('verkracht', 'europeanen')",-0.056045666337013245,adtrouwtelnrcvk,2008,2013
153,"('verkracht', 'luxemburgers')",-0.043472591787576675,adtrouwtelnrcvk,2008,2013
154,"('verkracht', 'europees')",-0.08800475299358368,adtrouwtelnrcvk,2008,2013
155,"('verkracht', 'belg')",-0.0830673947930336,adtrouwtelnrcvk,2008,2013
156,"('verkracht', 'duitsers')",0.016131987795233727,adtrouwtelnrcvk,2008,2013
157,"('verkracht', 'belgie')",-0.011290955357253551,adtrouwtelnrcvk,2008,2013
158,"('verkracht', 'nederlander')",-0.06291547417640686,adtrouwtelnrcvk,2008,2013
159,"('verkracht', 'duitsland')",-0.05589115992188454,adtrouwtelnrcvk,2008,2013
160,"('verkracht', 'nederland')",-0.07952616363763809,adtrouwtelnrcvk,2008,2013
161,"('verkracht', 'fransen')",-0.013320175930857658,adtrouwtelnrcvk,2008,2013
162,"('verkracht', 'frans')",-0.012225087732076645,adtrouwtelnrcvk,2008,2013
163,"('verkracht', 'frankrijk')",0.02157883159816265,adtrouwtelnrcvk,2008,2013
164,"('verkracht', 'belgen')",-0.09168524295091629,adtrouwtelnrcvk,2008,2013
165,"('verkracht', 'luxemburger')",-0.01618005894124508,adtrouwtelnrcvk,2008,2013
166,"('verkracht', 'europa')",-0.12310468405485153,adtrouwtelnrcvk,2008,2013
167,"('verkracht', 'luxembourg')",0.062289074063301086,adtrouwtelnrcvk,2008,2013
168,"('incest', 'belgisch')",0.017570437863469124,adtrouwtelnrcvk,2008,2013
169,"('incest', 'nederlanders')",-0.021558348089456558,adtrouwtelnrcvk,2008,2013
170,"('incest', 'nederlands')",0.0010544329416006804,adtrouwtelnrcvk,2008,2013
171,"('incest', 'duitser')",-0.12637710571289062,adtrouwtelnrcvk,2008,2013
172,"('incest', 'duits')",0.07060513645410538,adtrouwtelnrcvk,2008,2013
173,"('incest', 'europeanen')",-0.06909419596195221,adtrouwtelnrcvk,2008,2013
174,"('incest', 'luxemburgers')",-0.15203705430030823,adtrouwtelnrcvk,2008,2013
175,"('incest', 'europees')",-0.08746608346700668,adtrouwtelnrcvk,2008,2013
176,"('incest', 'belg')",-0.137872576713562,adtrouwtelnrcvk,2008,2013
177,"('incest', 'duitsers')",-0.032576996833086014,adtrouwtelnrcvk,2008,2013
178,"('incest', 'belgie')",-0.015293639153242111,adtrouwtelnrcvk,2008,2013
179,"('incest', 'nederlander')",-0.13644970953464508,adtrouwtelnrcvk,2008,2013
180,"('incest', 'duitsland')",-0.008954837918281555,adtrouwtelnrcvk,2008,2013
181,"('incest', 'nederland')",-0.012496736831963062,adtrouwtelnrcvk,2008,2013
182,"('incest', 'fransen')",-0.09260202944278717,adtrouwtelnrcvk,2008,2013
183,"('incest', 'frans')",0.011284198611974716,adtrouwtelnrcvk,2008,2013
184,"('incest', 'frankrijk')",0.010229857638478279,adtrouwtelnrcvk,2008,2013
185,"('incest', 'belgen')",-0.07904578745365143,adtrouwtelnrcvk,2008,2013
186,"('incest', 'luxemburger')",-0.15549713373184204,adtrouwtelnrcvk,2008,2013
187,"('incest', 'europa')",-0.09530037641525269,adtrouwtelnrcvk,2008,2013
188,"('incest', 'luxembourg')",-0.02438672073185444,adtrouwtelnrcvk,2008,2013
189,"('pedofilie', 'belgisch')",-0.01214389968663454,adtrouwtelnrcvk,2008,2013
190,"('pedofilie', 'nederlanders')",0.012087161652743816,adtrouwtelnrcvk,2008,2013
191,"('pedofilie', 'nederlands')",0.04525180533528328,adtrouwtelnrcvk,2008,2013
192,"('pedofilie', 'duitser')",0.002015490084886551,adtrouwtelnrcvk,2008,2013
193,"('pedofilie', 'duits')",0.057363856583833694,adtrouwtelnrcvk,2008,2013
194,"('pedofilie', 'europeanen')",0.004040840547531843,adtrouwtelnrcvk,2008,2013
195,"('pedofilie', 'luxemburgers')",-0.14484085142612457,adtrouwtelnrcvk,2008,2013
196,"('pedofilie', 'europees')",0.003845372935757041,adtrouwtelnrcvk,2008,2013
197,"('pedofilie', 'belg')",-0.01905028522014618,adtrouwtelnrcvk,2008,2013
198,"('pedofilie', 'duitsers')",-0.015466409735381603,adtrouwtelnrcvk,2008,2013
199,"('pedofilie', 'belgie')",0.055204544216394424,adtrouwtelnrcvk,2008,2013
200,"('pedofilie', 'nederlander')",0.017663028091192245,adtrouwtelnrcvk,2008,2013
201,"('pedofilie', 'duitsland')",0.06284354627132416,adtrouwtelnrcvk,2008,2013
202,"('pedofilie', 'nederland')",0.10621616244316101,adtrouwtelnrcvk,2008,2013
203,"('pedofilie', 'fransen')",-0.03821795806288719,adtrouwtelnrcvk,2008,2013
204,"('pedofilie', 'frans')",-0.026994002982974052,adtrouwtelnrcvk,2008,2013
205,"('pedofilie', 'frankrijk')",0.08214393258094788,adtrouwtelnrcvk,2008,2013
206,"('pedofilie', 'belgen')",-0.061071861535310745,adtrouwtelnrcvk,2008,2013
207,"('pedofilie', 'luxemburger')",-0.020488547161221504,adtrouwtelnrcvk,2008,2013
208,"('pedofilie', 'europa')",0.0011443219846114516,adtrouwtelnrcvk,2008,2013
209,"('pedofilie', 'luxembourg')",-0.06438714265823364,adtrouwtelnrcvk,2008,2013
210,"('gedwongen_prostitutie', 'belgisch')",-0.007808768656104803,adtrouwtelnrcvk,2008,2013
211,"('gedwongen_prostitutie', 'nederlanders')",0.052856169641017914,adtrouwtelnrcvk,2008,2013
212,"('gedwongen_prostitutie', 'nederlands')",0.018125364556908607,adtrouwtelnrcvk,2008,2013
213,"('gedwongen_prostitutie', 'duitser')",-0.09128328412771225,adtrouwtelnrcvk,2008,2013
214,"('gedwongen_prostitutie', 'duits')",-0.047619596123695374,adtrouwtelnrcvk,2008,2013
215,"('gedwongen_prostitutie', 'europeanen')",0.018754299730062485,adtrouwtelnrcvk,2008,2013
216,"('gedwongen_prostitutie', 'luxemburgers')",-0.0095494594424963,adtrouwtelnrcvk,2008,2013
217,"('gedwongen_prostitutie', 'europees')",0.061717234551906586,adtrouwtelnrcvk,2008,2013
218,"('gedwongen_prostitutie', 'belg')",-0.07915714383125305,adtrouwtelnrcvk,2008,2013
219,"('gedwongen_prostitutie', 'duitsers')",0.02579737827181816,adtrouwtelnrcvk,2008,2013
220,"('gedwongen_prostitutie', 'belgie')",0.1057426929473877,adtrouwtelnrcvk,2008,2013
221,"('gedwongen_prostitutie', 'nederlander')",-0.06051260977983475,adtrouwtelnrcvk,2008,2013
222,"('gedwongen_prostitutie', 'duitsland')",0.0645383819937706,adtrouwtelnrcvk,2008,2013
223,"('gedwongen_prostitutie', 'nederland')",0.1686401516199112,adtrouwtelnrcvk,2008,2013
224,"('gedwongen_prostitutie', 'fransen')",-0.041331786662340164,adtrouwtelnrcvk,2008,2013
225,"('gedwongen_prostitutie', 'frans')",-0.06492187082767487,adtrouwtelnrcvk,2008,2013
226,"('gedwongen_prostitutie', 'frankrijk')",0.06314247846603394,adtrouwtelnrcvk,2008,2013
227,"('gedwongen_prostitutie', 'belgen')",-0.0008987021283246577,adtrouwtelnrcvk,2008,2013
228,"('gedwongen_prostitutie', 'luxemburger')",-0.1726694256067276,adtrouwtelnrcvk,2008,2013
229,"('gedwongen_prostitutie', 'europa')",0.046045854687690735,adtrouwtelnrcvk,2008,2013
230,"('gedwongen_prostitutie', 'luxembourg')",0.01567029021680355,adtrouwtelnrcvk,2008,2013
231,"('zedenmisdrijven', 'belgisch')",0.013795774430036545,adtrouwtelnrcvk,2008,2013
232,"('zedenmisdrijven', 'nederlanders')",0.1326039433479309,adtrouwtelnrcvk,2008,2013
233,"('zedenmisdrijven', 'nederlands')",0.07040704041719437,adtrouwtelnrcvk,2008,2013
234,"('zedenmisdrijven', 'duitser')",-0.006375940516591072,adtrouwtelnrcvk,2008,2013
235,"('zedenmisdrijven', 'duits')",-0.041292328387498856,adtrouwtelnrcvk,2008,2013
236,"('zedenmisdrijven', 'europeanen')",-0.018709855154156685,adtrouwtelnrcvk,2008,2013
237,"('zedenmisdrijven', 'luxemburgers')",-0.007906210608780384,adtrouwtelnrcvk,2008,2013
238,"('zedenmisdrijven', 'europees')",0.01824640855193138,adtrouwtelnrcvk,2008,2013
239,"('zedenmisdrijven', 'belg')",0.036134425550699234,adtrouwtelnrcvk,2008,2013
240,"('zedenmisdrijven', 'duitsers')",-0.018789492547512054,adtrouwtelnrcvk,2008,2013
241,"('zedenmisdrijven', 'belgie')",0.03211362287402153,adtrouwtelnrcvk,2008,2013
242,"('zedenmisdrijven', 'nederlander')",0.0387866348028183,adtrouwtelnrcvk,2008,2013
243,"('zedenmisdrijven', 'duitsland')",0.016940588131546974,adtrouwtelnrcvk,2008,2013
244,"('zedenmisdrijven', 'nederland')",0.13686877489089966,adtrouwtelnrcvk,2008,2013
245,"('zedenmisdrijven', 'fransen')",-0.03599577769637108,adtrouwtelnrcvk,2008,2013
246,"('zedenmisdrijven', 'frans')",-0.014316474087536335,adtrouwtelnrcvk,2008,2013
247,"('zedenmisdrijven', 'frankrijk')",0.044867005199193954,adtrouwtelnrcvk,2008,2013
248,"('zedenmisdrijven', 'belgen')",0.054280903190374374,adtrouwtelnrcvk,2008,2013
249,"('zedenmisdrijven', 'luxemburger')",-0.006011768709868193,adtrouwtelnrcvk,2008,2013
250,"('zedenmisdrijven', 'europa')",-0.04329767823219299,adtrouwtelnrcvk,2008,2013
251,"('zedenmisdrijven', 'luxembourg')",0.0032154973596334457,adtrouwtelnrcvk,2008,2013
252,"('aanranding', 'belgisch')",0.05152999237179756,adtrouwtelnrcvk,2008,2013
253,"('aanranding', 'nederlanders')",-0.06374497711658478,adtrouwtelnrcvk,2008,2013
254,"('aanranding', 'nederlands')",-0.0276695117354393,adtrouwtelnrcvk,2008,2013
255,"('aanranding', 'duitser')",0.020329605787992477,adtrouwtelnrcvk,2008,2013
256,"('aanranding', 'duits')",0.05087238922715187,adtrouwtelnrcvk,2008,2013
257,"('aanranding', 'europeanen')",-0.1419091671705246,adtrouwtelnrcvk,2008,2013
258,"('aanranding', 'luxemburgers')",-0.07176672667264938,adtrouwtelnrcvk,2008,2013
259,"('aanranding', 'europees')",-0.04327083006501198,adtrouwtelnrcvk,2008,2013
260,"('aanranding', 'belg')",0.024988679215312004,adtrouwtelnrcvk,2008,2013
261,"('aanranding', 'duitsers')",-0.03343972563743591,adtrouwtelnrcvk,2008,2013
262,"('aanranding', 'belgie')",0.0413682721555233,adtrouwtelnrcvk,2008,2013
263,"('aanranding', 'nederlander')",-0.011634035035967827,adtrouwtelnrcvk,2008,2013
264,"('aanranding', 'duitsland')",-0.02304156683385372,adtrouwtelnrcvk,2008,2013
265,"('aanranding', 'nederland')",-0.06656724214553833,adtrouwtelnrcvk,2008,2013
266,"('aanranding', 'fransen')",-0.05429530143737793,adtrouwtelnrcvk,2008,2013
267,"('aanranding', 'frans')",0.03210487961769104,adtrouwtelnrcvk,2008,2013
268,"('aanranding', 'frankrijk')",0.04384038969874382,adtrouwtelnrcvk,2008,2013
269,"('aanranding', 'belgen')",-0.032035212963819504,adtrouwtelnrcvk,2008,2013
270,"('aanranding', 'luxemburger')",0.04926229268312454,adtrouwtelnrcvk,2008,2013
271,"('aanranding', 'europa')",-0.17566785216331482,adtrouwtelnrcvk,2008,2013
272,"('aanranding', 'luxembourg')",0.029924685135483742,adtrouwtelnrcvk,2008,2013
273,"('aanrandingen', 'belgisch')",-0.05616080015897751,adtrouwtelnrcvk,2008,2013
274,"('aanrandingen', 'nederlanders')",0.10554564744234085,adtrouwtelnrcvk,2008,2013
275,"('aanrandingen', 'nederlands')",-0.052013762295246124,adtrouwtelnrcvk,2008,2013
276,"('aanrandingen', 'duitser')",-0.025065135210752487,adtrouwtelnrcvk,2008,2013
277,"('aanrandingen', 'duits')",-0.08345117419958115,adtrouwtelnrcvk,2008,2013
278,"('aanrandingen', 'europeanen')",-0.03563199192285538,adtrouwtelnrcvk,2008,2013
279,"('aanrandingen', 'luxemburgers')",-0.023581676185131073,adtrouwtelnrcvk,2008,2013
280,"('aanrandingen', 'europees')",-0.06746920943260193,adtrouwtelnrcvk,2008,2013
281,"('aanrandingen', 'belg')",-0.030076852068305016,adtrouwtelnrcvk,2008,2013
282,"('aanrandingen', 'duitsers')",0.019427679479122162,adtrouwtelnrcvk,2008,2013
283,"('aanrandingen', 'belgie')",0.02172565460205078,adtrouwtelnrcvk,2008,2013
284,"('aanrandingen', 'nederlander')",-0.014129973948001862,adtrouwtelnrcvk,2008,2013
285,"('aanrandingen', 'duitsland')",-0.001237974502146244,adtrouwtelnrcvk,2008,2013
286,"('aanrandingen', 'nederland')",0.030982600525021553,adtrouwtelnrcvk,2008,2013
287,"('aanrandingen', 'fransen')",-0.023863786831498146,adtrouwtelnrcvk,2008,2013
288,"('aanrandingen', 'frans')",-0.04294633865356445,adtrouwtelnrcvk,2008,2013
289,"('aanrandingen', 'frankrijk')",0.027473753318190575,adtrouwtelnrcvk,2008,2013
290,"('aanrandingen', 'belgen')",0.009955625049769878,adtrouwtelnrcvk,2008,2013
291,"('aanrandingen', 'luxemburger')",-0.05151757970452309,adtrouwtelnrcvk,2008,2013
292,"('aanrandingen', 'europa')",-0.0713019073009491,adtrouwtelnrcvk,2008,2013
293,"('aanrandingen', 'luxembourg')",0.0051613193936645985,adtrouwtelnrcvk,2008,2013
294,"('zedenmisdrijf', 'belgisch')",0.01095687597990036,adtrouwtelnrcvk,2008,2013
295,"('zedenmisdrijf', 'nederlanders')",0.020456509664654732,adtrouwtelnrcvk,2008,2013
296,"('zedenmisdrijf', 'nederlands')",0.06566810607910156,adtrouwtelnrcvk,2008,2013
297,"('zedenmisdrijf', 'duitser')",0.05691777914762497,adtrouwtelnrcvk,2008,2013
298,"('zedenmisdrijf', 'duits')",0.04096190258860588,adtrouwtelnrcvk,2008,2013
299,"('zedenmisdrijf', 'europeanen')",-0.07945484668016434,adtrouwtelnrcvk,2008,2013
300,"('zedenmisdrijf', 'luxemburgers')",-0.08096443116664886,adtrouwtelnrcvk,2008,2013
301,"('zedenmisdrijf', 'europees')",0.04654757305979729,adtrouwtelnrcvk,2008,2013
302,"('zedenmisdrijf', 'belg')",0.02682448923587799,adtrouwtelnrcvk,2008,2013
303,"('zedenmisdrijf', 'duitsers')",-0.012357650324702263,adtrouwtelnrcvk,2008,2013
304,"('zedenmisdrijf', 'belgie')",-0.010482251644134521,adtrouwtelnrcvk,2008,2013
305,"('zedenmisdrijf', 'nederlander')",0.08061911910772324,adtrouwtelnrcvk,2008,2013
306,"('zedenmisdrijf', 'duitsland')",0.02474561147391796,adtrouwtelnrcvk,2008,2013
307,"('zedenmisdrijf', 'nederland')",0.0822683647274971,adtrouwtelnrcvk,2008,2013
308,"('zedenmisdrijf', 'fransen')",-0.07612311094999313,adtrouwtelnrcvk,2008,2013
309,"('zedenmisdrijf', 'frans')",-0.008112790994346142,adtrouwtelnrcvk,2008,2013
310,"('zedenmisdrijf', 'frankrijk')",0.014057117514312267,adtrouwtelnrcvk,2008,2013
311,"('zedenmisdrijf', 'belgen')",-0.04176316782832146,adtrouwtelnrcvk,2008,2013
312,"('zedenmisdrijf', 'luxemburger')",0.017596343532204628,adtrouwtelnrcvk,2008,2013
313,"('zedenmisdrijf', 'europa')",-0.07168077677488327,adtrouwtelnrcvk,2008,2013
314,"('zedenmisdrijf', 'luxembourg')",-0.0031726635061204433,adtrouwtelnrcvk,2008,2013
315,"('verkrachtingen', 'belgisch')",-0.032486818730831146,adtrouwtelnrcvk,2008,2013
316,"('verkrachtingen', 'nederlanders')",0.16997893154621124,adtrouwtelnrcvk,2008,2013
317,"('verkrachtingen', 'nederlands')",-0.0016334728570654988,adtrouwtelnrcvk,2008,2013
318,"('verkrachtingen', 'duitser')",-0.04587692767381668,adtrouwtelnrcvk,2008,2013
319,"('verkrachtingen', 'duits')",-0.03911258280277252,adtrouwtelnrcvk,2008,2013
320,"('verkrachtingen', 'europeanen')",0.10493084043264389,adtrouwtelnrcvk,2008,2013
321,"('verkrachtingen', 'luxemburgers')",0.022835291922092438,adtrouwtelnrcvk,2008,2013
322,"('verkrachtingen', 'europees')",-0.047246772795915604,adtrouwtelnrcvk,2008,2013
323,"('verkrachtingen', 'belg')",-0.07886410504579544,adtrouwtelnrcvk,2008,2013
324,"('verkrachtingen', 'duitsers')",0.10266247391700745,adtrouwtelnrcvk,2008,2013
325,"('verkrachtingen', 'belgie')",-0.012956355698406696,adtrouwtelnrcvk,2008,2013
326,"('verkrachtingen', 'nederlander')",-0.00514639588072896,adtrouwtelnrcvk,2008,2013
327,"('verkrachtingen', 'duitsland')",0.07475029677152634,adtrouwtelnrcvk,2008,2013
328,"('verkrachtingen', 'nederland')",0.1318632811307907,adtrouwtelnrcvk,2008,2013
329,"('verkrachtingen', 'fransen')",0.0731683298945427,adtrouwtelnrcvk,2008,2013
330,"('verkrachtingen', 'frans')",-0.06659486144781113,adtrouwtelnrcvk,2008,2013
331,"('verkrachtingen', 'frankrijk')",0.10854298621416092,adtrouwtelnrcvk,2008,2013
332,"('verkrachtingen', 'belgen')",0.04976588487625122,adtrouwtelnrcvk,2008,2013
333,"('verkrachtingen', 'luxemburger')",-0.08079542964696884,adtrouwtelnrcvk,2008,2013
334,"('verkrachtingen', 'europa')",0.02567165531218052,adtrouwtelnrcvk,2008,2013
335,"('verkrachtingen', 'luxembourg')",-0.02614007517695427,adtrouwtelnrcvk,2008,2013
336,"('seksuele_intimidatie', 'belgisch')",-0.014058167114853859,adtrouwtelnrcvk,2008,2013
337,"('seksuele_intimidatie', 'nederlanders')",-0.01281846035271883,adtrouwtelnrcvk,2008,2013
338,"('seksuele_intimidatie', 'nederlands')",-0.01011674664914608,adtrouwtelnrcvk,2008,2013
339,"('seksuele_intimidatie', 'duitser')",-0.10669241845607758,adtrouwtelnrcvk,2008,2013
340,"('seksuele_intimidatie', 'duits')",-0.02470475062727928,adtrouwtelnrcvk,2008,2013
341,"('seksuele_intimidatie', 'europeanen')",-0.0644913837313652,adtrouwtelnrcvk,2008,2013
342,"('seksuele_intimidatie', 'luxemburgers')",-0.058036644011735916,adtrouwtelnrcvk,2008,2013
343,"('seksuele_intimidatie', 'europees')",-0.005128262564539909,adtrouwtelnrcvk,2008,2013
344,"('seksuele_intimidatie', 'belg')",-0.07962936162948608,adtrouwtelnrcvk,2008,2013
345,"('seksuele_intimidatie', 'duitsers')",-0.08757574111223221,adtrouwtelnrcvk,2008,2013
346,"('seksuele_intimidatie', 'belgie')",-0.009322875179350376,adtrouwtelnrcvk,2008,2013
347,"('seksuele_intimidatie', 'nederlander')",-0.05629226937890053,adtrouwtelnrcvk,2008,2013
348,"('seksuele_intimidatie', 'duitsland')",-0.037784792482852936,adtrouwtelnrcvk,2008,2013
349,"('seksuele_intimidatie', 'nederland')",0.003991852980107069,adtrouwtelnrcvk,2008,2013
350,"('seksuele_intimidatie', 'fransen')",-0.04848447069525719,adtrouwtelnrcvk,2008,2013
351,"('seksuele_intimidatie', 'frans')",-0.0020346029195934534,adtrouwtelnrcvk,2008,2013
352,"('seksuele_intimidatie', 'frankrijk')",0.03265809640288353,adtrouwtelnrcvk,2008,2013
353,"('seksuele_intimidatie', 'belgen')",-0.10926557332277298,adtrouwtelnrcvk,2008,2013
354,"('seksuele_intimidatie', 'luxemburger')",-0.03326212614774704,adtrouwtelnrcvk,2008,2013
355,"('seksuele_intimidatie', 'europa')",-0.0984039157629013,adtrouwtelnrcvk,2008,2013
356,"('seksuele_intimidatie', 'luxembourg')",-0.03628072142601013,adtrouwtelnrcvk,2008,2013
357,"('groepsverkrachting', 'belgisch')",0.05021900311112404,adtrouwtelnrcvk,2008,2013
358,"('groepsverkrachting', 'nederlanders')",-0.0410732626914978,adtrouwtelnrcvk,2008,2013
359,"('groepsverkrachting', 'nederlands')",-0.014339804649353027,adtrouwtelnrcvk,2008,2013
360,"('groepsverkrachting', 'duitser')",0.036691270768642426,adtrouwtelnrcvk,2008,2013
361,"('groepsverkrachting', 'duits')",-0.03448467329144478,adtrouwtelnrcvk,2008,2013
362,"('groepsverkrachting', 'europeanen')",-0.04847898334264755,adtrouwtelnrcvk,2008,2013
363,"('groepsverkrachting', 'luxemburgers')",-0.072154201567173,adtrouwtelnrcvk,2008,2013
364,"('groepsverkrachting', 'europees')",-0.04103515297174454,adtrouwtelnrcvk,2008,2013
365,"('groepsverkrachting', 'belg')",-0.025455381721258163,adtrouwtelnrcvk,2008,2013
366,"('groepsverkrachting', 'duitsers')",-0.03668133169412613,adtrouwtelnrcvk,2008,2013
367,"('groepsverkrachting', 'belgie')",0.02675178460776806,adtrouwtelnrcvk,2008,2013
368,"('groepsverkrachting', 'nederlander')",0.001031524152494967,adtrouwtelnrcvk,2008,2013
369,"('groepsverkrachting', 'duitsland')",0.010442015714943409,adtrouwtelnrcvk,2008,2013
370,"('groepsverkrachting', 'nederland')",-0.044039107859134674,adtrouwtelnrcvk,2008,2013
371,"('groepsverkrachting', 'fransen')",-0.04644126445055008,adtrouwtelnrcvk,2008,2013
372,"('groepsverkrachting', 'frans')",-0.06568258255720139,adtrouwtelnrcvk,2008,2013
373,"('groepsverkrachting', 'frankrijk')",0.06118401512503624,adtrouwtelnrcvk,2008,2013
374,"('groepsverkrachting', 'belgen')",-0.06428294628858566,adtrouwtelnrcvk,2008,2013
375,"('groepsverkrachting', 'luxemburger')",0.01025930792093277,adtrouwtelnrcvk,2008,2013
376,"('groepsverkrachting', 'europa')",-0.09248197078704834,adtrouwtelnrcvk,2008,2013
377,"('groepsverkrachting', 'luxembourg')",-0.035709116607904434,adtrouwtelnrcvk,2008,2013
378,"('handtastelijkheden', 'belgisch')",0.017371339723467827,adtrouwtelnrcvk,2008,2013
379,"('handtastelijkheden', 'nederlanders')",0.006216282024979591,adtrouwtelnrcvk,2008,2013
380,"('handtastelijkheden', 'nederlands')",-0.02035476826131344,adtrouwtelnrcvk,2008,2013
381,"('handtastelijkheden', 'duitser')",0.0774916261434555,adtrouwtelnrcvk,2008,2013
382,"('handtastelijkheden', 'duits')",0.08880821615457535,adtrouwtelnrcvk,2008,2013
383,"('handtastelijkheden', 'europeanen')",-0.044906117022037506,adtrouwtelnrcvk,2008,2013
384,"('handtastelijkheden', 'luxemburgers')",-0.020898519083857536,adtrouwtelnrcvk,2008,2013
385,"('handtastelijkheden', 'europees')",-0.10116782784461975,adtrouwtelnrcvk,2008,2013
386,"('handtastelijkheden', 'belg')",0.08296478539705276,adtrouwtelnrcvk,2008,2013
387,"('handtastelijkheden', 'duitsers')",0.08527036011219025,adtrouwtelnrcvk,2008,2013
388,"('handtastelijkheden', 'belgie')",-0.10155793279409409,adtrouwtelnrcvk,2008,2013
389,"('handtastelijkheden', 'nederlander')",0.043049801141023636,adtrouwtelnrcvk,2008,2013
390,"('handtastelijkheden', 'duitsland')",-0.0072155240923166275,adtrouwtelnrcvk,2008,2013
391,"('handtastelijkheden', 'nederland')",-0.06420442461967468,adtrouwtelnrcvk,2008,2013
392,"('handtastelijkheden', 'fransen')",0.06301437318325043,adtrouwtelnrcvk,2008,2013
393,"('handtastelijkheden', 'frans')",0.04638725891709328,adtrouwtelnrcvk,2008,2013
394,"('handtastelijkheden', 'frankrijk')",0.0392472930252552,adtrouwtelnrcvk,2008,2013
395,"('handtastelijkheden', 'belgen')",0.05267816036939621,adtrouwtelnrcvk,2008,2013
396,"('handtastelijkheden', 'luxemburger')",0.10025190562009811,adtrouwtelnrcvk,2008,2013
397,"('handtastelijkheden', 'europa')",-0.12519466876983643,adtrouwtelnrcvk,2008,2013
398,"('handtastelijkheden', 'luxembourg')",-0.02794056199491024,adtrouwtelnrcvk,2008,2013
399,"('seksueel_misbruik', 'belgisch')",0.04249802976846695,adtrouwtelnrcvk,2008,2013
400,"('seksueel_misbruik', 'nederlanders')",0.015565133653581142,adtrouwtelnrcvk,2008,2013
401,"('seksueel_misbruik', 'nederlands')",0.02900058962404728,adtrouwtelnrcvk,2008,2013
402,"('seksueel_misbruik', 'duitser')",-0.023519475013017654,adtrouwtelnrcvk,2008,2013
403,"('seksueel_misbruik', 'duits')",-0.0037511950358748436,adtrouwtelnrcvk,2008,2013
404,"('seksueel_misbruik', 'europeanen')",-0.055277228355407715,adtrouwtelnrcvk,2008,2013
405,"('seksueel_misbruik', 'luxemburgers')",-0.056470051407814026,adtrouwtelnrcvk,2008,2013
406,"('seksueel_misbruik', 'europees')",0.0049270582385361195,adtrouwtelnrcvk,2008,2013
407,"('seksueel_misbruik', 'belg')",-0.030998285859823227,adtrouwtelnrcvk,2008,2013
408,"('seksueel_misbruik', 'duitsers')",-0.04570382088422775,adtrouwtelnrcvk,2008,2013
409,"('seksueel_misbruik', 'belgie')",0.05426032468676567,adtrouwtelnrcvk,2008,2013
410,"('seksueel_misbruik', 'nederlander')",-0.02965969406068325,adtrouwtelnrcvk,2008,2013
411,"('seksueel_misbruik', 'duitsland')",0.0508233867585659,adtrouwtelnrcvk,2008,2013
412,"('seksueel_misbruik', 'nederland')",0.0972059816122055,adtrouwtelnrcvk,2008,2013
413,"('seksueel_misbruik', 'fransen')",-0.11430274695158005,adtrouwtelnrcvk,2008,2013
414,"('seksueel_misbruik', 'frans')",-0.006073239259421825,adtrouwtelnrcvk,2008,2013
415,"('seksueel_misbruik', 'frankrijk')",0.04142135754227638,adtrouwtelnrcvk,2008,2013
416,"('seksueel_misbruik', 'belgen')",-0.01722094416618347,adtrouwtelnrcvk,2008,2013
417,"('seksueel_misbruik', 'luxemburger')",-0.0014861708041280508,adtrouwtelnrcvk,2008,2013
418,"('seksueel_misbruik', 'europa')",-0.009990522637963295,adtrouwtelnrcvk,2008,2013
419,"('seksueel_misbruik', 'luxembourg')",-0.06090410053730011,adtrouwtelnrcvk,2008,2013
420,"('groepsverkrachtingen', 'belgisch')",-0.003153725992888212,adtrouwtelnrcvk,2008,2013
421,"('groepsverkrachtingen', 'nederlanders')",-0.03741776570677757,adtrouwtelnrcvk,2008,2013
422,"('groepsverkrachtingen', 'nederlands')",-0.04368215426802635,adtrouwtelnrcvk,2008,2013
423,"('groepsverkrachtingen', 'duitser')",-0.09679491072893143,adtrouwtelnrcvk,2008,2013
424,"('groepsverkrachtingen', 'duits')",-0.04523153230547905,adtrouwtelnrcvk,2008,2013
425,"('groepsverkrachtingen', 'europeanen')",-0.05502265319228172,adtrouwtelnrcvk,2008,2013
426,"('groepsverkrachtingen', 'luxemburgers')",0.0006242083618417382,adtrouwtelnrcvk,2008,2013
427,"('groepsverkrachtingen', 'europees')",-0.06449843943119049,adtrouwtelnrcvk,2008,2013
428,"('groepsverkrachtingen', 'belg')",-0.11705730110406876,adtrouwtelnrcvk,2008,2013
429,"('groepsverkrachtingen', 'duitsers')",-0.04877529665827751,adtrouwtelnrcvk,2008,2013
430,"('groepsverkrachtingen', 'belgie')",0.006027480121701956,adtrouwtelnrcvk,2008,2013
431,"('groepsverkrachtingen', 'nederlander')",-0.10929340869188309,adtrouwtelnrcvk,2008,2013
432,"('groepsverkrachtingen', 'duitsland')",-0.002991314511746168,adtrouwtelnrcvk,2008,2013
433,"('groepsverkrachtingen', 'nederland')",0.004299841821193695,adtrouwtelnrcvk,2008,2013
434,"('groepsverkrachtingen', 'fransen')",-0.07737687975168228,adtrouwtelnrcvk,2008,2013
435,"('groepsverkrachtingen', 'frans')",-0.10690285265445709,adtrouwtelnrcvk,2008,2013
436,"('groepsverkrachtingen', 'frankrijk')",0.03275685012340546,adtrouwtelnrcvk,2008,2013
437,"('groepsverkrachtingen', 'belgen')",-0.09108717739582062,adtrouwtelnrcvk,2008,2013
438,"('groepsverkrachtingen', 'luxemburger')",-0.15320070087909698,adtrouwtelnrcvk,2008,2013
439,"('groepsverkrachtingen', 'europa')",-0.0638844445347786,adtrouwtelnrcvk,2008,2013
440,"('groepsverkrachtingen', 'luxembourg')",-0.04441128671169281,adtrouwtelnrcvk,2008,2013
441,"('ontucht', 'belgisch')",0.07614275813102722,adtrouwtelnrcvk,2014,2018
442,"('ontucht', 'nederlanders')",-0.029779329895973206,adtrouwtelnrcvk,2014,2018
443,"('ontucht', 'nederlands')",0.06241072714328766,adtrouwtelnrcvk,2014,2018
444,"('ontucht', 'duitser')",-0.01880035735666752,adtrouwtelnrcvk,2014,2018
445,"('ontucht', 'duits')",0.01636386476457119,adtrouwtelnrcvk,2014,2018
446,"('ontucht', 'europeanen')",-0.1882627308368683,adtrouwtelnrcvk,2014,2018
447,"('ontucht', 'luxemburgers')",-0.1093197837471962,adtrouwtelnrcvk,2014,2018
448,"('ontucht', 'europees')",-0.08706825226545334,adtrouwtelnrcvk,2014,2018
449,"('ontucht', 'belg')",0.008467348292469978,adtrouwtelnrcvk,2014,2018
450,"('ontucht', 'duitsers')",-0.1026361808180809,adtrouwtelnrcvk,2014,2018
451,"('ontucht', 'belgie')",0.03360302373766899,adtrouwtelnrcvk,2014,2018
452,"('ontucht', 'nederlander')",0.010895977728068829,adtrouwtelnrcvk,2014,2018
453,"('ontucht', 'duitsland')",0.010692821815609932,adtrouwtelnrcvk,2014,2018
454,"('ontucht', 'nederland')",0.08445116132497787,adtrouwtelnrcvk,2014,2018
455,"('ontucht', 'fransen')",-0.15462183952331543,adtrouwtelnrcvk,2014,2018
456,"('ontucht', 'frans')",0.0296813752502203,adtrouwtelnrcvk,2014,2018
457,"('ontucht', 'frankrijk')",0.04021816328167915,adtrouwtelnrcvk,2014,2018
458,"('ontucht', 'belgen')",-0.14331968128681183,adtrouwtelnrcvk,2014,2018
459,"('ontucht', 'luxemburger')",-0.06330601125955582,adtrouwtelnrcvk,2014,2018
460,"('ontucht', 'europa')",-0.1279042363166809,adtrouwtelnrcvk,2014,2018
461,"('ontucht', 'luxembourg')",-0.030356071889400482,adtrouwtelnrcvk,2014,2018
462,"('verkrachten', 'belgisch')",-0.04816373065114021,adtrouwtelnrcvk,2014,2018
463,"('verkrachten', 'nederlanders')",-0.043044548481702805,adtrouwtelnrcvk,2014,2018
464,"('verkrachten', 'nederlands')",-0.06421775370836258,adtrouwtelnrcvk,2014,2018
465,"('verkrachten', 'duitser')",-0.002501489594578743,adtrouwtelnrcvk,2014,2018
466,"('verkrachten', 'duits')",-0.013597944751381874,adtrouwtelnrcvk,2014,2018
467,"('verkrachten', 'europeanen')",0.0239985603839159,adtrouwtelnrcvk,2014,2018
468,"('verkrachten', 'luxemburgers')",0.0011324670631438494,adtrouwtelnrcvk,2014,2018
469,"('verkrachten', 'europees')",-0.08720915019512177,adtrouwtelnrcvk,2014,2018
470,"('verkrachten', 'belg')",-0.07914537936449051,adtrouwtelnrcvk,2014,2018
471,"('verkrachten', 'duitsers')",0.10954039543867111,adtrouwtelnrcvk,2014,2018
472,"('verkrachten', 'belgie')",-0.10870736092329025,adtrouwtelnrcvk,2014,2018
473,"('verkrachten', 'nederlander')",-0.0875949114561081,adtrouwtelnrcvk,2014,2018
474,"('verkrachten', 'duitsland')",-0.01577788218855858,adtrouwtelnrcvk,2014,2018
475,"('verkrachten', 'nederland')",-0.07706345617771149,adtrouwtelnrcvk,2014,2018
476,"('verkrachten', 'fransen')",0.007327514700591564,adtrouwtelnrcvk,2014,2018
477,"('verkrachten', 'frans')",-0.10125579684972763,adtrouwtelnrcvk,2014,2018
478,"('verkrachten', 'frankrijk')",-0.04444768652319908,adtrouwtelnrcvk,2014,2018
479,"('verkrachten', 'belgen')",-0.0417834036052227,adtrouwtelnrcvk,2014,2018
480,"('verkrachten', 'luxemburger')",-0.061304617673158646,adtrouwtelnrcvk,2014,2018
481,"('verkrachten', 'europa')",-0.04712251201272011,adtrouwtelnrcvk,2014,2018
482,"('verkrachten', 'luxembourg')",-0.06258086860179901,adtrouwtelnrcvk,2014,2018
483,"('verkrachtingszaak', 'belgisch')",0.11168752610683441,adtrouwtelnrcvk,2014,2018
484,"('verkrachtingszaak', 'nederlanders')",0.007973486557602882,adtrouwtelnrcvk,2014,2018
485,"('verkrachtingszaak', 'nederlands')",0.03234849125146866,adtrouwtelnrcvk,2014,2018
486,"('verkrachtingszaak', 'duitser')",0.12112043797969818,adtrouwtelnrcvk,2014,2018
487,"('verkrachtingszaak', 'duits')",0.04857565462589264,adtrouwtelnrcvk,2014,2018
488,"('verkrachtingszaak', 'europeanen')",-0.03165696561336517,adtrouwtelnrcvk,2014,2018
489,"('verkrachtingszaak', 'luxemburgers')",-0.06097198277711868,adtrouwtelnrcvk,2014,2018
490,"('verkrachtingszaak', 'europees')",0.04893970116972923,adtrouwtelnrcvk,2014,2018
491,"('verkrachtingszaak', 'belg')",0.09448254853487015,adtrouwtelnrcvk,2014,2018
492,"('verkrachtingszaak', 'duitsers')",0.00468376325443387,adtrouwtelnrcvk,2014,2018
493,"('verkrachtingszaak', 'belgie')",0.15671506524085999,adtrouwtelnrcvk,2014,2018
494,"('verkrachtingszaak', 'nederlander')",0.16813527047634125,adtrouwtelnrcvk,2014,2018
495,"('verkrachtingszaak', 'duitsland')",0.12697738409042358,adtrouwtelnrcvk,2014,2018
496,"('verkrachtingszaak', 'nederland')",0.07491176575422287,adtrouwtelnrcvk,2014,2018
497,"('verkrachtingszaak', 'fransen')",-0.05322994664311409,adtrouwtelnrcvk,2014,2018
498,"('verkrachtingszaak', 'frans')",-0.02166632004082203,adtrouwtelnrcvk,2014,2018
499,"('verkrachtingszaak', 'frankrijk')",0.07746197283267975,adtrouwtelnrcvk,2014,2018
500,"('verkrachtingszaak', 'belgen')",-0.035741500556468964,adtrouwtelnrcvk,2014,2018
501,"('verkrachtingszaak', 'luxemburger')",0.05839179456233978,adtrouwtelnrcvk,2014,2018
502,"('verkrachtingszaak', 'europa')",0.0003865953767672181,adtrouwtelnrcvk,2014,2018
503,"('verkrachtingszaak', 'luxembourg')",0.01628909818828106,adtrouwtelnrcvk,2014,2018
504,"('verkrachte', 'belgisch')",0.007753096055239439,adtrouwtelnrcvk,2014,2018
505,"('verkrachte', 'nederlanders')",-0.06996504962444305,adtrouwtelnrcvk,2014,2018
506,"('verkrachte', 'nederlands')",-0.004830258432775736,adtrouwtelnrcvk,2014,2018
507,"('verkrachte', 'duitser')",-0.02945542335510254,adtrouwtelnrcvk,2014,2018
508,"('verkrachte', 'duits')",0.024880247190594673,adtrouwtelnrcvk,2014,2018
509,"('verkrachte', 'europeanen')",-0.056569669395685196,adtrouwtelnrcvk,2014,2018
510,"('verkrachte', 'luxemburgers')",0.017803560942411423,adtrouwtelnrcvk,2014,2018
511,"('verkrachte', 'europees')",-0.11917984485626221,adtrouwtelnrcvk,2014,2018
512,"('verkrachte', 'belg')",-0.0801788941025734,adtrouwtelnrcvk,2014,2018
513,"('verkrachte', 'duitsers')",0.019394313916563988,adtrouwtelnrcvk,2014,2018
514,"('verkrachte', 'belgie')",-0.10150975733995438,adtrouwtelnrcvk,2014,2018
515,"('verkrachte', 'nederlander')",-0.10844647139310837,adtrouwtelnrcvk,2014,2018
516,"('verkrachte', 'duitsland')",-0.04002794250845909,adtrouwtelnrcvk,2014,2018
517,"('verkrachte', 'nederland')",-0.04536142200231552,adtrouwtelnrcvk,2014,2018
518,"('verkrachte', 'fransen')",-0.06854703277349472,adtrouwtelnrcvk,2014,2018
519,"('verkrachte', 'frans')",-0.07323310524225235,adtrouwtelnrcvk,2014,2018
520,"('verkrachte', 'frankrijk')",-0.04024863243103027,adtrouwtelnrcvk,2014,2018
521,"('verkrachte', 'belgen')",-0.1018180102109909,adtrouwtelnrcvk,2014,2018
522,"('verkrachte', 'luxemburger')",-0.08445823937654495,adtrouwtelnrcvk,2014,2018
523,"('verkrachte', 'europa')",-0.07948517054319382,adtrouwtelnrcvk,2014,2018
524,"('verkrachte', 'luxembourg')",-0.04479257017374039,adtrouwtelnrcvk,2014,2018
525,"('vrouwenhandel', 'belgisch')",0.10476166009902954,adtrouwtelnrcvk,2014,2018
526,"('vrouwenhandel', 'nederlanders')",0.06103765591979027,adtrouwtelnrcvk,2014,2018
527,"('vrouwenhandel', 'nederlands')",0.026343155652284622,adtrouwtelnrcvk,2014,2018
528,"('vrouwenhandel', 'duitser')",-0.11967199295759201,adtrouwtelnrcvk,2014,2018
529,"('vrouwenhandel', 'duits')",-0.006538861896842718,adtrouwtelnrcvk,2014,2018
530,"('vrouwenhandel', 'europeanen')",0.049683164805173874,adtrouwtelnrcvk,2014,2018
531,"('vrouwenhandel', 'luxemburgers')",-0.05239686742424965,adtrouwtelnrcvk,2014,2018
532,"('vrouwenhandel', 'europees')",0.08395206928253174,adtrouwtelnrcvk,2014,2018
533,"('vrouwenhandel', 'belg')",-0.11319463700056076,adtrouwtelnrcvk,2014,2018
534,"('vrouwenhandel', 'duitsers')",0.041599422693252563,adtrouwtelnrcvk,2014,2018
535,"('vrouwenhandel', 'belgie')",-0.021243959665298462,adtrouwtelnrcvk,2014,2018
536,"('vrouwenhandel', 'nederlander')",-0.03940582275390625,adtrouwtelnrcvk,2014,2018
537,"('vrouwenhandel', 'duitsland')",0.07460158318281174,adtrouwtelnrcvk,2014,2018
538,"('vrouwenhandel', 'nederland')",0.16971342265605927,adtrouwtelnrcvk,2014,2018
539,"('vrouwenhandel', 'fransen')",-0.06708870828151703,adtrouwtelnrcvk,2014,2018
540,"('vrouwenhandel', 'frans')",-0.05849771574139595,adtrouwtelnrcvk,2014,2018
541,"('vrouwenhandel', 'frankrijk')",0.019810490310192108,adtrouwtelnrcvk,2014,2018
542,"('vrouwenhandel', 'belgen')",-0.029191095381975174,adtrouwtelnrcvk,2014,2018
543,"('vrouwenhandel', 'luxemburger')",-0.12781046330928802,adtrouwtelnrcvk,2014,2018
544,"('vrouwenhandel', 'europa')",0.10470087826251984,adtrouwtelnrcvk,2014,2018
545,"('vrouwenhandel', 'luxembourg')",-0.02188306860625744,adtrouwtelnrcvk,2014,2018
546,"('zedendelict', 'belgisch')",0.07735645771026611,adtrouwtelnrcvk,2014,2018
547,"('zedendelict', 'nederlanders')",0.057124704122543335,adtrouwtelnrcvk,2014,2018
548,"('zedendelict', 'nederlands')",0.03774048388004303,adtrouwtelnrcvk,2014,2018
549,"('zedendelict', 'duitser')",0.06330611556768417,adtrouwtelnrcvk,2014,2018
550,"('zedendelict', 'duits')",0.004332063719630241,adtrouwtelnrcvk,2014,2018
551,"('zedendelict', 'europeanen')",-0.10779809206724167,adtrouwtelnrcvk,2014,2018
552,"('zedendelict', 'luxemburgers')",-0.08975616097450256,adtrouwtelnrcvk,2014,2018
553,"('zedendelict', 'europees')",-0.03222682699561119,adtrouwtelnrcvk,2014,2018
554,"('zedendelict', 'belg')",0.05268444865942001,adtrouwtelnrcvk,2014,2018
555,"('zedendelict', 'duitsers')",-0.02368195354938507,adtrouwtelnrcvk,2014,2018
556,"('zedendelict', 'belgie')",-0.050516050308942795,adtrouwtelnrcvk,2014,2018
557,"('zedendelict', 'nederlander')",0.1332397162914276,adtrouwtelnrcvk,2014,2018
558,"('zedendelict', 'duitsland')",0.02014610543847084,adtrouwtelnrcvk,2014,2018
559,"('zedendelict', 'nederland')",0.06925030052661896,adtrouwtelnrcvk,2014,2018
560,"('zedendelict', 'fransen')",-0.10756241530179977,adtrouwtelnrcvk,2014,2018
561,"('zedendelict', 'frans')",-0.04258529841899872,adtrouwtelnrcvk,2014,2018
562,"('zedendelict', 'frankrijk')",-0.013141450472176075,adtrouwtelnrcvk,2014,2018
563,"('zedendelict', 'belgen')",-0.08668376505374908,adtrouwtelnrcvk,2014,2018
564,"('zedendelict', 'luxemburger')",-0.04101532697677612,adtrouwtelnrcvk,2014,2018
565,"('zedendelict', 'europa')",-0.11373504251241684,adtrouwtelnrcvk,2014,2018
566,"('zedendelict', 'luxembourg')",-0.08237499743700027,adtrouwtelnrcvk,2014,2018
567,"('seksueel_geweld', 'belgisch')",-0.0352761372923851,adtrouwtelnrcvk,2014,2018
568,"('seksueel_geweld', 'nederlanders')",0.1469985395669937,adtrouwtelnrcvk,2014,2018
569,"('seksueel_geweld', 'nederlands')",0.054123587906360626,adtrouwtelnrcvk,2014,2018
570,"('seksueel_geweld', 'duitser')",-0.10060565918684006,adtrouwtelnrcvk,2014,2018
571,"('seksueel_geweld', 'duits')",0.0025626709684729576,adtrouwtelnrcvk,2014,2018
572,"('seksueel_geweld', 'europeanen')",0.08254363387823105,adtrouwtelnrcvk,2014,2018
573,"('seksueel_geweld', 'luxemburgers')",-0.056761179119348526,adtrouwtelnrcvk,2014,2018
574,"('seksueel_geweld', 'europees')",0.05923378840088844,adtrouwtelnrcvk,2014,2018
575,"('seksueel_geweld', 'belg')",-0.16489964723587036,adtrouwtelnrcvk,2014,2018
576,"('seksueel_geweld', 'duitsers')",0.045003797858953476,adtrouwtelnrcvk,2014,2018
577,"('seksueel_geweld', 'belgie')",-0.03809454292058945,adtrouwtelnrcvk,2014,2018
578,"('seksueel_geweld', 'nederlander')",-0.010082761757075787,adtrouwtelnrcvk,2014,2018
579,"('seksueel_geweld', 'duitsland')",0.06441044062376022,adtrouwtelnrcvk,2014,2018
580,"('seksueel_geweld', 'nederland')",0.1761644184589386,adtrouwtelnrcvk,2014,2018
581,"('seksueel_geweld', 'fransen')",0.017330383881926537,adtrouwtelnrcvk,2014,2018
582,"('seksueel_geweld', 'frans')",-0.0926629900932312,adtrouwtelnrcvk,2014,2018
583,"('seksueel_geweld', 'frankrijk')",0.08164665102958679,adtrouwtelnrcvk,2014,2018
584,"('seksueel_geweld', 'belgen')",-0.06496825069189072,adtrouwtelnrcvk,2014,2018
585,"('seksueel_geweld', 'luxemburger')",-0.08205865323543549,adtrouwtelnrcvk,2014,2018
586,"('seksueel_geweld', 'europa')",0.07621926814317703,adtrouwtelnrcvk,2014,2018
587,"('seksueel_geweld', 'luxembourg')",-0.12804241478443146,adtrouwtelnrcvk,2014,2018
588,"('verkracht', 'belgisch')",0.02467062696814537,adtrouwtelnrcvk,2014,2018
589,"('verkracht', 'nederlanders')",-0.0016949073178693652,adtrouwtelnrcvk,2014,2018
590,"('verkracht', 'nederlands')",-0.02049463987350464,adtrouwtelnrcvk,2014,2018
591,"('verkracht', 'duitser')",-0.0069805774837732315,adtrouwtelnrcvk,2014,2018
592,"('verkracht', 'duits')",0.059726107865571976,adtrouwtelnrcvk,2014,2018
593,"('verkracht', 'europeanen')",-0.037482116371393204,adtrouwtelnrcvk,2014,2018
594,"('verkracht', 'luxemburgers')",-0.04063376784324646,adtrouwtelnrcvk,2014,2018
595,"('verkracht', 'europees')",-0.1005893424153328,adtrouwtelnrcvk,2014,2018
596,"('verkracht', 'belg')",-0.061298713088035583,adtrouwtelnrcvk,2014,2018
597,"('verkracht', 'duitsers')",0.06325238198041916,adtrouwtelnrcvk,2014,2018
598,"('verkracht', 'belgie')",-0.06014736741781235,adtrouwtelnrcvk,2014,2018
599,"('verkracht', 'nederlander')",-0.029608123004436493,adtrouwtelnrcvk,2014,2018
600,"('verkracht', 'duitsland')",-0.0033635401632636786,adtrouwtelnrcvk,2014,2018
601,"('verkracht', 'nederland')",-0.07343904674053192,adtrouwtelnrcvk,2014,2018
602,"('verkracht', 'fransen')",-0.041449010372161865,adtrouwtelnrcvk,2014,2018
603,"('verkracht', 'frans')",0.015468764118850231,adtrouwtelnrcvk,2014,2018
604,"('verkracht', 'frankrijk')",0.027833858504891396,adtrouwtelnrcvk,2014,2018
605,"('verkracht', 'belgen')",-0.1062294989824295,adtrouwtelnrcvk,2014,2018
606,"('verkracht', 'luxemburger')",-0.035018496215343475,adtrouwtelnrcvk,2014,2018
607,"('verkracht', 'europa')",-0.09246586263179779,adtrouwtelnrcvk,2014,2018
608,"('verkracht', 'luxembourg')",-0.002971391659229994,adtrouwtelnrcvk,2014,2018
609,"('incest', 'belgisch')",0.024532940238714218,adtrouwtelnrcvk,2014,2018
610,"('incest', 'nederlanders')",-0.07383144646883011,adtrouwtelnrcvk,2014,2018
611,"('incest', 'nederlands')",-0.02640359289944172,adtrouwtelnrcvk,2014,2018
612,"('incest', 'duitser')",-0.06064571440219879,adtrouwtelnrcvk,2014,2018
613,"('incest', 'duits')",0.023852095007896423,adtrouwtelnrcvk,2014,2018
614,"('incest', 'europeanen')",-0.06763049215078354,adtrouwtelnrcvk,2014,2018
615,"('incest', 'luxemburgers')",-0.15159575641155243,adtrouwtelnrcvk,2014,2018
616,"('incest', 'europees')",-0.08406034857034683,adtrouwtelnrcvk,2014,2018
617,"('incest', 'belg')",-0.139434352517128,adtrouwtelnrcvk,2014,2018
618,"('incest', 'duitsers')",-0.012191968970000744,adtrouwtelnrcvk,2014,2018
619,"('incest', 'belgie')",-0.1199333593249321,adtrouwtelnrcvk,2014,2018
620,"('incest', 'nederlander')",-0.11576105654239655,adtrouwtelnrcvk,2014,2018
621,"('incest', 'duitsland')",-0.009919279254972935,adtrouwtelnrcvk,2014,2018
622,"('incest', 'nederland')",-0.03330060467123985,adtrouwtelnrcvk,2014,2018
623,"('incest', 'fransen')",-0.11220815032720566,adtrouwtelnrcvk,2014,2018
624,"('incest', 'frans')",-0.015228861011564732,adtrouwtelnrcvk,2014,2018
625,"('incest', 'frankrijk')",-0.04988163709640503,adtrouwtelnrcvk,2014,2018
626,"('incest', 'belgen')",-0.1407565474510193,adtrouwtelnrcvk,2014,2018
627,"('incest', 'luxemburger')",-0.09604517370462418,adtrouwtelnrcvk,2014,2018
628,"('incest', 'europa')",-0.06082829460501671,adtrouwtelnrcvk,2014,2018
629,"('incest', 'luxembourg')",-0.10084748268127441,adtrouwtelnrcvk,2014,2018
630,"('pedofilie', 'belgisch')",-0.03358103334903717,adtrouwtelnrcvk,2014,2018
631,"('pedofilie', 'nederlanders')",-0.006766210310161114,adtrouwtelnrcvk,2014,2018
632,"('pedofilie', 'nederlands')",-0.013070921413600445,adtrouwtelnrcvk,2014,2018
633,"('pedofilie', 'duitser')",-0.05471661686897278,adtrouwtelnrcvk,2014,2018
634,"('pedofilie', 'duits')",0.02164691872894764,adtrouwtelnrcvk,2014,2018
635,"('pedofilie', 'europeanen')",-0.009510751813650131,adtrouwtelnrcvk,2014,2018
636,"('pedofilie', 'luxemburgers')",-0.12264174222946167,adtrouwtelnrcvk,2014,2018
637,"('pedofilie', 'europees')",-0.05838138982653618,adtrouwtelnrcvk,2014,2018
638,"('pedofilie', 'belg')",-0.10923144221305847,adtrouwtelnrcvk,2014,2018
639,"('pedofilie', 'duitsers')",-0.04157489538192749,adtrouwtelnrcvk,2014,2018
640,"('pedofilie', 'belgie')",-0.07841967046260834,adtrouwtelnrcvk,2014,2018
641,"('pedofilie', 'nederlander')",-0.027207661420106888,adtrouwtelnrcvk,2014,2018
642,"('pedofilie', 'duitsland')",0.0072595058009028435,adtrouwtelnrcvk,2014,2018
643,"('pedofilie', 'nederland')",0.015937870368361473,adtrouwtelnrcvk,2014,2018
644,"('pedofilie', 'fransen')",-0.07392390072345734,adtrouwtelnrcvk,2014,2018
645,"('pedofilie', 'frans')",-0.05356019735336304,adtrouwtelnrcvk,2014,2018
646,"('pedofilie', 'frankrijk')",-0.027352511882781982,adtrouwtelnrcvk,2014,2018
647,"('pedofilie', 'belgen')",-0.13853849470615387,adtrouwtelnrcvk,2014,2018
648,"('pedofilie', 'luxemburger')",-0.03425921872258186,adtrouwtelnrcvk,2014,2018
649,"('pedofilie', 'europa')",-0.05672615021467209,adtrouwtelnrcvk,2014,2018
650,"('pedofilie', 'luxembourg')",-0.12465855479240417,adtrouwtelnrcvk,2014,2018
651,"('gedwongen_prostitutie', 'belgisch')",0.01074861828237772,adtrouwtelnrcvk,2014,2018
652,"('gedwongen_prostitutie', 'nederlanders')",0.046560972929000854,adtrouwtelnrcvk,2014,2018
653,"('gedwongen_prostitutie', 'nederlands')",0.030417773872613907,adtrouwtelnrcvk,2014,2018
654,"('gedwongen_prostitutie', 'duitser')",-0.08232268691062927,adtrouwtelnrcvk,2014,2018
655,"('gedwongen_prostitutie', 'duits')",-0.000646881409920752,adtrouwtelnrcvk,2014,2018
656,"('gedwongen_prostitutie', 'europeanen')",0.012783083133399487,adtrouwtelnrcvk,2014,2018
657,"('gedwongen_prostitutie', 'luxemburgers')",-0.025377079844474792,adtrouwtelnrcvk,2014,2018
658,"('gedwongen_prostitutie', 'europees')",0.04074306786060333,adtrouwtelnrcvk,2014,2018
659,"('gedwongen_prostitutie', 'belg')",-0.16686402261257172,adtrouwtelnrcvk,2014,2018
660,"('gedwongen_prostitutie', 'duitsers')",0.006530331913381815,adtrouwtelnrcvk,2014,2018
661,"('gedwongen_prostitutie', 'belgie')",-0.03166906163096428,adtrouwtelnrcvk,2014,2018
662,"('gedwongen_prostitutie', 'nederlander')",-0.047138236463069916,adtrouwtelnrcvk,2014,2018
663,"('gedwongen_prostitutie', 'duitsland')",0.043316859751939774,adtrouwtelnrcvk,2014,2018
664,"('gedwongen_prostitutie', 'nederland')",0.12944769859313965,adtrouwtelnrcvk,2014,2018
665,"('gedwongen_prostitutie', 'fransen')",-0.10652108490467072,adtrouwtelnrcvk,2014,2018
666,"('gedwongen_prostitutie', 'frans')",-0.09552427381277084,adtrouwtelnrcvk,2014,2018
667,"('gedwongen_prostitutie', 'frankrijk')",-0.013664656318724155,adtrouwtelnrcvk,2014,2018
668,"('gedwongen_prostitutie', 'belgen')",-0.1342114806175232,adtrouwtelnrcvk,2014,2018
669,"('gedwongen_prostitutie', 'luxemburger')",-0.12621398270130157,adtrouwtelnrcvk,2014,2018
670,"('gedwongen_prostitutie', 'europa')",0.03563576564192772,adtrouwtelnrcvk,2014,2018
671,"('gedwongen_prostitutie', 'luxembourg')",-0.09120345860719681,adtrouwtelnrcvk,2014,2018
672,"('zedenmisdrijven', 'belgisch')",0.05328521132469177,adtrouwtelnrcvk,2014,2018
673,"('zedenmisdrijven', 'nederlanders')",0.11342620104551315,adtrouwtelnrcvk,2014,2018
674,"('zedenmisdrijven', 'nederlands')",-0.009036698378622532,adtrouwtelnrcvk,2014,2018
675,"('zedenmisdrijven', 'duitser')",0.04205823689699173,adtrouwtelnrcvk,2014,2018
676,"('zedenmisdrijven', 'duits')",-0.024656664580106735,adtrouwtelnrcvk,2014,2018
677,"('zedenmisdrijven', 'europeanen')",-0.04868093878030777,adtrouwtelnrcvk,2014,2018
678,"('zedenmisdrijven', 'luxemburgers')",-0.027769336476922035,adtrouwtelnrcvk,2014,2018
679,"('zedenmisdrijven', 'europees')",-0.014619936235249043,adtrouwtelnrcvk,2014,2018
680,"('zedenmisdrijven', 'belg')",0.04847367852926254,adtrouwtelnrcvk,2014,2018
681,"('zedenmisdrijven', 'duitsers')",0.037381596863269806,adtrouwtelnrcvk,2014,2018
682,"('zedenmisdrijven', 'belgie')",-0.001978567335754633,adtrouwtelnrcvk,2014,2018
683,"('zedenmisdrijven', 'nederlander')",0.05265580862760544,adtrouwtelnrcvk,2014,2018
684,"('zedenmisdrijven', 'duitsland')",0.09373285621404648,adtrouwtelnrcvk,2014,2018
685,"('zedenmisdrijven', 'nederland')",0.12575873732566833,adtrouwtelnrcvk,2014,2018
686,"('zedenmisdrijven', 'fransen')",-0.03265182673931122,adtrouwtelnrcvk,2014,2018
687,"('zedenmisdrijven', 'frans')",-0.05079037323594093,adtrouwtelnrcvk,2014,2018
688,"('zedenmisdrijven', 'frankrijk')",0.0811404287815094,adtrouwtelnrcvk,2014,2018
689,"('zedenmisdrijven', 'belgen')",-0.004805353470146656,adtrouwtelnrcvk,2014,2018
690,"('zedenmisdrijven', 'luxemburger')",-0.024903839454054832,adtrouwtelnrcvk,2014,2018
691,"('zedenmisdrijven', 'europa')",-0.02575160562992096,adtrouwtelnrcvk,2014,2018
692,"('zedenmisdrijven', 'luxembourg')",-0.03503669425845146,adtrouwtelnrcvk,2014,2018
693,"('aanranding', 'belgisch')",0.019441772252321243,adtrouwtelnrcvk,2014,2018
694,"('aanranding', 'nederlanders')",0.07607127726078033,adtrouwtelnrcvk,2014,2018
695,"('aanranding', 'nederlands')",-0.008189905434846878,adtrouwtelnrcvk,2014,2018
696,"('aanranding', 'duitser')",0.10501275956630707,adtrouwtelnrcvk,2014,2018
697,"('aanranding', 'duits')",0.08776157349348068,adtrouwtelnrcvk,2014,2018
698,"('aanranding', 'europeanen')",0.012419359758496284,adtrouwtelnrcvk,2014,2018
699,"('aanranding', 'luxemburgers')",-0.056661054491996765,adtrouwtelnrcvk,2014,2018
700,"('aanranding', 'europees')",-0.047382477670907974,adtrouwtelnrcvk,2014,2018
701,"('aanranding', 'belg')",0.015442753210663795,adtrouwtelnrcvk,2014,2018
702,"('aanranding', 'duitsers')",0.06334533542394638,adtrouwtelnrcvk,2014,2018
703,"('aanranding', 'belgie')",-0.019226964563131332,adtrouwtelnrcvk,2014,2018
704,"('aanranding', 'nederlander')",0.05263866111636162,adtrouwtelnrcvk,2014,2018
705,"('aanranding', 'duitsland')",0.07799960672855377,adtrouwtelnrcvk,2014,2018
706,"('aanranding', 'nederland')",0.02316044457256794,adtrouwtelnrcvk,2014,2018
707,"('aanranding', 'fransen')",0.015426243655383587,adtrouwtelnrcvk,2014,2018
708,"('aanranding', 'frans')",-0.04926896467804909,adtrouwtelnrcvk,2014,2018
709,"('aanranding', 'frankrijk')",0.07567908614873886,adtrouwtelnrcvk,2014,2018
710,"('aanranding', 'belgen')",-0.056155312806367874,adtrouwtelnrcvk,2014,2018
711,"('aanranding', 'luxemburger')",0.04222334548830986,adtrouwtelnrcvk,2014,2018
712,"('aanranding', 'europa')",-0.06311682611703873,adtrouwtelnrcvk,2014,2018
713,"('aanranding', 'luxembourg')",-0.057427097111940384,adtrouwtelnrcvk,2014,2018
714,"('aanrandingen', 'belgisch')",0.0638163611292839,adtrouwtelnrcvk,2014,2018
715,"('aanrandingen', 'nederlanders')",0.18580222129821777,adtrouwtelnrcvk,2014,2018
716,"('aanrandingen', 'nederlands')",0.006266698241233826,adtrouwtelnrcvk,2014,2018
717,"('aanrandingen', 'duitser')",0.05832240730524063,adtrouwtelnrcvk,2014,2018
718,"('aanrandingen', 'duits')",0.12416888028383255,adtrouwtelnrcvk,2014,2018
719,"('aanrandingen', 'europeanen')",0.07338978350162506,adtrouwtelnrcvk,2014,2018
720,"('aanrandingen', 'luxemburgers')",0.0029349029064178467,adtrouwtelnrcvk,2014,2018
721,"('aanrandingen', 'europees')",0.06172386184334755,adtrouwtelnrcvk,2014,2018
722,"('aanrandingen', 'belg')",-0.04811993986368179,adtrouwtelnrcvk,2014,2018
723,"('aanrandingen', 'duitsers')",0.20147208869457245,adtrouwtelnrcvk,2014,2018
724,"('aanrandingen', 'belgie')",0.050724148750305176,adtrouwtelnrcvk,2014,2018
725,"('aanrandingen', 'nederlander')",0.0041031609289348125,adtrouwtelnrcvk,2014,2018
726,"('aanrandingen', 'duitsland')",0.20159979164600372,adtrouwtelnrcvk,2014,2018
727,"('aanrandingen', 'nederland')",0.12979434430599213,adtrouwtelnrcvk,2014,2018
728,"('aanrandingen', 'fransen')",0.06416787952184677,adtrouwtelnrcvk,2014,2018
729,"('aanrandingen', 'frans')",-0.055443987250328064,adtrouwtelnrcvk,2014,2018
730,"('aanrandingen', 'frankrijk')",0.1391581892967224,adtrouwtelnrcvk,2014,2018
731,"('aanrandingen', 'belgen')",0.09119092673063278,adtrouwtelnrcvk,2014,2018
732,"('aanrandingen', 'luxemburger')",-0.023453906178474426,adtrouwtelnrcvk,2014,2018
733,"('aanrandingen', 'europa')",0.05956951901316643,adtrouwtelnrcvk,2014,2018
734,"('aanrandingen', 'luxembourg')",-0.052171722054481506,adtrouwtelnrcvk,2014,2018
735,"('zedenmisdrijf', 'belgisch')",0.1154649406671524,adtrouwtelnrcvk,2014,2018
736,"('zedenmisdrijf', 'nederlanders')",-0.008648732677102089,adtrouwtelnrcvk,2014,2018
737,"('zedenmisdrijf', 'nederlands')",0.030432701110839844,adtrouwtelnrcvk,2014,2018
738,"('zedenmisdrijf', 'duitser')",0.0632009357213974,adtrouwtelnrcvk,2014,2018
739,"('zedenmisdrijf', 'duits')",0.041098132729530334,adtrouwtelnrcvk,2014,2018
740,"('zedenmisdrijf', 'europeanen')",-0.13051460683345795,adtrouwtelnrcvk,2014,2018
741,"('zedenmisdrijf', 'luxemburgers')",-0.06842149049043655,adtrouwtelnrcvk,2014,2018
742,"('zedenmisdrijf', 'europees')",0.0049013057723641396,adtrouwtelnrcvk,2014,2018
743,"('zedenmisdrijf', 'belg')",0.04295038431882858,adtrouwtelnrcvk,2014,2018
744,"('zedenmisdrijf', 'duitsers')",-0.04054727405309677,adtrouwtelnrcvk,2014,2018
745,"('zedenmisdrijf', 'belgie')",-0.013147000223398209,adtrouwtelnrcvk,2014,2018
746,"('zedenmisdrijf', 'nederlander')",0.09479813277721405,adtrouwtelnrcvk,2014,2018
747,"('zedenmisdrijf', 'duitsland')",0.009098470211029053,adtrouwtelnrcvk,2014,2018
748,"('zedenmisdrijf', 'nederland')",0.021745139732956886,adtrouwtelnrcvk,2014,2018
749,"('zedenmisdrijf', 'fransen')",-0.12350530922412872,adtrouwtelnrcvk,2014,2018
750,"('zedenmisdrijf', 'frans')",0.011996842920780182,adtrouwtelnrcvk,2014,2018
751,"('zedenmisdrijf', 'frankrijk')",-0.005752962082624435,adtrouwtelnrcvk,2014,2018
752,"('zedenmisdrijf', 'belgen')",-0.11356541514396667,adtrouwtelnrcvk,2014,2018
753,"('zedenmisdrijf', 'luxemburger')",0.013035022653639317,adtrouwtelnrcvk,2014,2018
754,"('zedenmisdrijf', 'europa')",-0.1193084791302681,adtrouwtelnrcvk,2014,2018
755,"('zedenmisdrijf', 'luxembourg')",-0.003065281780436635,adtrouwtelnrcvk,2014,2018
756,"('verkrachtingen', 'belgisch')",-0.021765172481536865,adtrouwtelnrcvk,2014,2018
757,"('verkrachtingen', 'nederlanders')",0.19061541557312012,adtrouwtelnrcvk,2014,2018
758,"('verkrachtingen', 'nederlands')",-0.02572919987142086,adtrouwtelnrcvk,2014,2018
759,"('verkrachtingen', 'duitser')",0.004767110571265221,adtrouwtelnrcvk,2014,2018
760,"('verkrachtingen', 'duits')",0.018489619717001915,adtrouwtelnrcvk,2014,2018
761,"('verkrachtingen', 'europeanen')",0.07868685573339462,adtrouwtelnrcvk,2014,2018
762,"('verkrachtingen', 'luxemburgers')",-0.05498402193188667,adtrouwtelnrcvk,2014,2018
763,"('verkrachtingen', 'europees')",-0.03760924190282822,adtrouwtelnrcvk,2014,2018
764,"('verkrachtingen', 'belg')",-0.057428423315286636,adtrouwtelnrcvk,2014,2018
765,"('verkrachtingen', 'duitsers')",0.16416047513484955,adtrouwtelnrcvk,2014,2018
766,"('verkrachtingen', 'belgie')",-0.05096367374062538,adtrouwtelnrcvk,2014,2018
767,"('verkrachtingen', 'nederlander')",0.010711724869906902,adtrouwtelnrcvk,2014,2018
768,"('verkrachtingen', 'duitsland')",0.15027713775634766,adtrouwtelnrcvk,2014,2018
769,"('verkrachtingen', 'nederland')",0.13656339049339294,adtrouwtelnrcvk,2014,2018
770,"('verkrachtingen', 'fransen')",0.03407116234302521,adtrouwtelnrcvk,2014,2018
771,"('verkrachtingen', 'frans')",-0.09820102155208588,adtrouwtelnrcvk,2014,2018
772,"('verkrachtingen', 'frankrijk')",0.11524703353643417,adtrouwtelnrcvk,2014,2018
773,"('verkrachtingen', 'belgen')",0.031140249222517014,adtrouwtelnrcvk,2014,2018
774,"('verkrachtingen', 'luxemburger')",-0.12073340266942978,adtrouwtelnrcvk,2014,2018
775,"('verkrachtingen', 'europa')",0.042314741760492325,adtrouwtelnrcvk,2014,2018
776,"('verkrachtingen', 'luxembourg')",-0.12798051536083221,adtrouwtelnrcvk,2014,2018
777,"('seksuele_intimidatie', 'belgisch')",-0.06034986674785614,adtrouwtelnrcvk,2014,2018
778,"('seksuele_intimidatie', 'nederlanders')",0.06801333278417587,adtrouwtelnrcvk,2014,2018
779,"('seksuele_intimidatie', 'nederlands')",0.011522872373461723,adtrouwtelnrcvk,2014,2018
780,"('seksuele_intimidatie', 'duitser')",-0.08960563689470291,adtrouwtelnrcvk,2014,2018
781,"('seksuele_intimidatie', 'duits')",-0.04196907579898834,adtrouwtelnrcvk,2014,2018
782,"('seksuele_intimidatie', 'europeanen')",-0.015344137325882912,adtrouwtelnrcvk,2014,2018
783,"('seksuele_intimidatie', 'luxemburgers')",-0.09038157016038895,adtrouwtelnrcvk,2014,2018
784,"('seksuele_intimidatie', 'europees')",0.015466161072254181,adtrouwtelnrcvk,2014,2018
785,"('seksuele_intimidatie', 'belg')",-0.13836713135242462,adtrouwtelnrcvk,2014,2018
786,"('seksuele_intimidatie', 'duitsers')",-0.048283401876688004,adtrouwtelnrcvk,2014,2018
787,"('seksuele_intimidatie', 'belgie')",-0.11997757852077484,adtrouwtelnrcvk,2014,2018
788,"('seksuele_intimidatie', 'nederlander')",-0.034968823194503784,adtrouwtelnrcvk,2014,2018
789,"('seksuele_intimidatie', 'duitsland')",-0.02559264376759529,adtrouwtelnrcvk,2014,2018
790,"('seksuele_intimidatie', 'nederland')",0.05342521518468857,adtrouwtelnrcvk,2014,2018
791,"('seksuele_intimidatie', 'fransen')",-0.031008638441562653,adtrouwtelnrcvk,2014,2018
792,"('seksuele_intimidatie', 'frans')",-0.08398617804050446,adtrouwtelnrcvk,2014,2018
793,"('seksuele_intimidatie', 'frankrijk')",-0.007540268357843161,adtrouwtelnrcvk,2014,2018
794,"('seksuele_intimidatie', 'belgen')",-0.10444188863039017,adtrouwtelnrcvk,2014,2018
795,"('seksuele_intimidatie', 'luxemburger')",-0.011248905211687088,adtrouwtelnrcvk,2014,2018
796,"('seksuele_intimidatie', 'europa')",-0.0554288774728775,adtrouwtelnrcvk,2014,2018
797,"('seksuele_intimidatie', 'luxembourg')",-0.09266318380832672,adtrouwtelnrcvk,2014,2018
798,"('groepsverkrachting', 'belgisch')",0.04836861044168472,adtrouwtelnrcvk,2014,2018
799,"('groepsverkrachting', 'nederlanders')",-0.023257780820131302,adtrouwtelnrcvk,2014,2018
800,"('groepsverkrachting', 'nederlands')",-0.04376335069537163,adtrouwtelnrcvk,2014,2018
801,"('groepsverkrachting', 'duitser')",0.030792200937867165,adtrouwtelnrcvk,2014,2018
802,"('groepsverkrachting', 'duits')",-0.0038936221972107887,adtrouwtelnrcvk,2014,2018
803,"('groepsverkrachting', 'europeanen')",-0.040974922478199005,adtrouwtelnrcvk,2014,2018
804,"('groepsverkrachting', 'luxemburgers')",-0.03127974271774292,adtrouwtelnrcvk,2014,2018
805,"('groepsverkrachting', 'europees')",-0.02641543745994568,adtrouwtelnrcvk,2014,2018
806,"('groepsverkrachting', 'belg')",-0.0293000265955925,adtrouwtelnrcvk,2014,2018
807,"('groepsverkrachting', 'duitsers')",0.018924908712506294,adtrouwtelnrcvk,2014,2018
808,"('groepsverkrachting', 'belgie')",-0.0034660419914871454,adtrouwtelnrcvk,2014,2018
809,"('groepsverkrachting', 'nederlander')",-0.0010170979658141732,adtrouwtelnrcvk,2014,2018
810,"('groepsverkrachting', 'duitsland')",0.02348880097270012,adtrouwtelnrcvk,2014,2018
811,"('groepsverkrachting', 'nederland')",-0.046133242547512054,adtrouwtelnrcvk,2014,2018
812,"('groepsverkrachting', 'fransen')",-0.06582905352115631,adtrouwtelnrcvk,2014,2018
813,"('groepsverkrachting', 'frans')",-0.08012057840824127,adtrouwtelnrcvk,2014,2018
814,"('groepsverkrachting', 'frankrijk')",0.023696066811680794,adtrouwtelnrcvk,2014,2018
815,"('groepsverkrachting', 'belgen')",-0.09237857162952423,adtrouwtelnrcvk,2014,2018
816,"('groepsverkrachting', 'luxemburger')",-0.01207800768315792,adtrouwtelnrcvk,2014,2018
817,"('groepsverkrachting', 'europa')",-0.06518159806728363,adtrouwtelnrcvk,2014,2018
818,"('groepsverkrachting', 'luxembourg')",-0.011805534362792969,adtrouwtelnrcvk,2014,2018
819,"('handtastelijkheden', 'belgisch')",-0.020026588812470436,adtrouwtelnrcvk,2014,2018
820,"('handtastelijkheden', 'nederlanders')",0.005640705581754446,adtrouwtelnrcvk,2014,2018
821,"('handtastelijkheden', 'nederlands')",-0.02841305546462536,adtrouwtelnrcvk,2014,2018
822,"('handtastelijkheden', 'duitser')",0.037695590406656265,adtrouwtelnrcvk,2014,2018
823,"('handtastelijkheden', 'duits')",0.05069101229310036,adtrouwtelnrcvk,2014,2018
824,"('handtastelijkheden', 'europeanen')",-0.0170417632907629,adtrouwtelnrcvk,2014,2018
825,"('handtastelijkheden', 'luxemburgers')",-0.01631069742143154,adtrouwtelnrcvk,2014,2018
826,"('handtastelijkheden', 'europees')",-0.06658272445201874,adtrouwtelnrcvk,2014,2018
827,"('handtastelijkheden', 'belg')",-0.04432032257318497,adtrouwtelnrcvk,2014,2018
828,"('handtastelijkheden', 'duitsers')",0.07904938608407974,adtrouwtelnrcvk,2014,2018
829,"('handtastelijkheden', 'belgie')",-0.05875204876065254,adtrouwtelnrcvk,2014,2018
830,"('handtastelijkheden', 'nederlander')",-0.04401290789246559,adtrouwtelnrcvk,2014,2018
831,"('handtastelijkheden', 'duitsland')",0.02612682618200779,adtrouwtelnrcvk,2014,2018
832,"('handtastelijkheden', 'nederland')",-0.037030793726444244,adtrouwtelnrcvk,2014,2018
833,"('handtastelijkheden', 'fransen')",-0.004024856258183718,adtrouwtelnrcvk,2014,2018
834,"('handtastelijkheden', 'frans')",-0.06191935017704964,adtrouwtelnrcvk,2014,2018
835,"('handtastelijkheden', 'frankrijk')",-0.014297924004495144,adtrouwtelnrcvk,2014,2018
836,"('handtastelijkheden', 'belgen')",-0.011632914654910564,adtrouwtelnrcvk,2014,2018
837,"('handtastelijkheden', 'luxemburger')",0.029053229838609695,adtrouwtelnrcvk,2014,2018
838,"('handtastelijkheden', 'europa')",-0.08089810609817505,adtrouwtelnrcvk,2014,2018
839,"('handtastelijkheden', 'luxembourg')",-0.07347670942544937,adtrouwtelnrcvk,2014,2018
840,"('seksueel_misbruik', 'belgisch')",-0.0018723454559221864,adtrouwtelnrcvk,2014,2018
841,"('seksueel_misbruik', 'nederlanders')",0.03326067700982094,adtrouwtelnrcvk,2014,2018
842,"('seksueel_misbruik', 'nederlands')",0.042622946202754974,adtrouwtelnrcvk,2014,2018
843,"('seksueel_misbruik', 'duitser')",-0.04966143146157265,adtrouwtelnrcvk,2014,2018
844,"('seksueel_misbruik', 'duits')",-0.008951948955655098,adtrouwtelnrcvk,2014,2018
845,"('seksueel_misbruik', 'europeanen')",-0.06819111853837967,adtrouwtelnrcvk,2014,2018
846,"('seksueel_misbruik', 'luxemburgers')",-0.06391919404268265,adtrouwtelnrcvk,2014,2018
847,"('seksueel_misbruik', 'europees')",-0.011843996122479439,adtrouwtelnrcvk,2014,2018
848,"('seksueel_misbruik', 'belg')",-0.08639141172170639,adtrouwtelnrcvk,2014,2018
849,"('seksueel_misbruik', 'duitsers')",-0.04285118356347084,adtrouwtelnrcvk,2014,2018
850,"('seksueel_misbruik', 'belgie')",-0.048669181764125824,adtrouwtelnrcvk,2014,2018
851,"('seksueel_misbruik', 'nederlander')",-0.006161080207675695,adtrouwtelnrcvk,2014,2018
852,"('seksueel_misbruik', 'duitsland')",0.04403121396899223,adtrouwtelnrcvk,2014,2018
853,"('seksueel_misbruik', 'nederland')",0.11237034946680069,adtrouwtelnrcvk,2014,2018
854,"('seksueel_misbruik', 'fransen')",-0.10521232336759567,adtrouwtelnrcvk,2014,2018
855,"('seksueel_misbruik', 'frans')",-0.0613141767680645,adtrouwtelnrcvk,2014,2018
856,"('seksueel_misbruik', 'frankrijk')",0.03075370378792286,adtrouwtelnrcvk,2014,2018
857,"('seksueel_misbruik', 'belgen')",-0.13149693608283997,adtrouwtelnrcvk,2014,2018
858,"('seksueel_misbruik', 'luxemburger')",0.005434064194560051,adtrouwtelnrcvk,2014,2018
859,"('seksueel_misbruik', 'europa')",-0.013963653706014156,adtrouwtelnrcvk,2014,2018
860,"('seksueel_misbruik', 'luxembourg')",-0.1539553701877594,adtrouwtelnrcvk,2014,2018
861,"('groepsverkrachtingen', 'belgisch')",0.026114318519830704,adtrouwtelnrcvk,2014,2018
862,"('groepsverkrachtingen', 'nederlanders')",-0.055580347776412964,adtrouwtelnrcvk,2014,2018
863,"('groepsverkrachtingen', 'nederlands')",-0.06472115218639374,adtrouwtelnrcvk,2014,2018
864,"('groepsverkrachtingen', 'duitser')",-0.06330493837594986,adtrouwtelnrcvk,2014,2018
865,"('groepsverkrachtingen', 'duits')",0.0006367240566760302,adtrouwtelnrcvk,2014,2018
866,"('groepsverkrachtingen', 'europeanen')",-0.04220473766326904,adtrouwtelnrcvk,2014,2018
867,"('groepsverkrachtingen', 'luxemburgers')",-0.02351934276521206,adtrouwtelnrcvk,2014,2018
868,"('groepsverkrachtingen', 'europees')",-0.10122056305408478,adtrouwtelnrcvk,2014,2018
869,"('groepsverkrachtingen', 'belg')",-0.08260602504014969,adtrouwtelnrcvk,2014,2018
870,"('groepsverkrachtingen', 'duitsers')",0.021949373185634613,adtrouwtelnrcvk,2014,2018
871,"('groepsverkrachtingen', 'belgie')",-0.0785919651389122,adtrouwtelnrcvk,2014,2018
872,"('groepsverkrachtingen', 'nederlander')",-0.06704302877187729,adtrouwtelnrcvk,2014,2018
873,"('groepsverkrachtingen', 'duitsland')",-0.0473572313785553,adtrouwtelnrcvk,2014,2018
874,"('groepsverkrachtingen', 'nederland')",-0.07420217990875244,adtrouwtelnrcvk,2014,2018
875,"('groepsverkrachtingen', 'fransen')",-0.08497347682714462,adtrouwtelnrcvk,2014,2018
876,"('groepsverkrachtingen', 'frans')",-0.06455784291028976,adtrouwtelnrcvk,2014,2018
877,"('groepsverkrachtingen', 'frankrijk')",-0.030764736235141754,adtrouwtelnrcvk,2014,2018
878,"('groepsverkrachtingen', 'belgen')",-0.08441668003797531,adtrouwtelnrcvk,2014,2018
879,"('groepsverkrachtingen', 'luxemburger')",-0.09449999034404755,adtrouwtelnrcvk,2014,2018
880,"('groepsverkrachtingen', 'europa')",-0.09894109517335892,adtrouwtelnrcvk,2014,2018
881,"('groepsverkrachtingen', 'luxembourg')",0.032408129423856735,adtrouwtelnrcvk,2014,2018
